Date,Month,Year,Temperature,Dew_Point,Humidity,Wind_Speed,Pressure,Precipitation
1,1,2020,16,3,46,10,30.09,0
2,1,2020,16,7,59,11,30.09,0.5
3,1,2020,18,12,73,10,30,0
4,1,2020,18,12,74,7,29.97,0.1
5,1,2020,18,9,60,9,29.97,0
6,1,2020,18,5,47,10,30.03,0
7,1,2020,19,9,56,8,30,0
8,1,2020,18,11,71,16,29.91,4.6
9,1,2020,16,11,80,11,29.97,0.8
10,1,2020,16,6,60,10,30.03,0
11,1,2020,14,5,56,10,30.03,0
12,1,2020,17,5,51,9,29.97,0
13,1,2020,20,6,45,7,29.85,0
14,1,2020,20,9,54,7,29.91,0
15,1,2020,20,11,64,6,29.91,0
16,1,2020,15,13,86,19,29.91,18.8
17,1,2020,17,15,91,10,29.97,11.7
18,1,2020,18,13,78,5,30,0
19,1,2020,17,10,69,11,29.97,0
20,1,2020,16,7,60,8,30,0
21,1,2020,18,8,58,5,30.03,0
22,1,2020,19,9,59,8,30.03,0
23,1,2020,15,7,64,16,29.97,0
24,1,2020,15,5,58,15,29.94,0
25,1,2020,17,7,55,8,29.97,0
26,1,2020,17,7,56,8,29.91,0
27,1,2020,19,10,59,6,29.85,0
28,1,2020,19,10,64,15,29.8,0.6
29,1,2020,19,12,74,10,29.91,0.4
30,1,2020,17,8,63,14,29.97,0
31,1,2020,17,7,60,10,29.91,0
1,2,2020,17,7,58,8,30,0
2,2,2020,17,7,57,10,30.03,0
3,2,2020,18,7,57,8,30,0
4,2,2020,18,7,53,5,29.97,0
5,2,2020,18,7,56,9,29.94,0
6,2,2020,18,7,55,8,29.94,0
7,2,2020,18,6,54,10,30,0
8,2,2020,18,6,54,8,30.06,0
9,2,2020,19,9,59,7,30.09,0
10,2,2020,18,7,54,9,30.03,0
11,2,2020,19,7,52,8,30,0
12,2,2020,19,8,52,11,30,0
13,2,2020,21,11,57,15,29.88,0
14,2,2020,21,9,50,20,29.8,0
15,2,2020,20,7,47,15,29.85,0
16,2,2020,22,8,46,9,29.94,0
17,2,2020,22,9,49,9,29.94,0
18,2,2020,21,6,41,11,29.88,0
19,2,2020,21,6,39,6,29.88,0
20,2,2020,23,8,46,16,29.85,0
21,2,2020,22,9,49,22,29.91,1.5
22,2,2020,22,12,60,14,29.97,0
23,2,2020,24,13,58,8,29.94,0
24,2,2020,24,13,60,6,29.85,0
25,2,2020,23,11,52,7,29.83,0
26,2,2020,23,10,48,8,29.88,0
27,2,2020,24,11,51,8,29.85,0
28,2,2020,25,11,46,7,29.83,0
29,2,2020,25,11,48,9,29.83,0
1,3,2020,26,14,59,11,29.83,2
2,3,2020,26,12,50,8,29.8,1.1
3,3,2020,26,9,40,9,29.77,0
4,3,2020,26,8,38,7,29.77,0
5,3,2020,26,10,45,10,29.74,0.8
6,3,2020,24,11,53,21,29.74,2.3
7,3,2020,23,14,70,16,29.83,0.9
8,3,2020,25,11,51,10,29.88,0
9,3,2020,25,7,39,14,29.8,0
10,3,2020,24,6,38,9,29.83,0
11,3,2020,26,9,39,13,29.77,0.1
12,3,2020,27,12,47,12,29.8,0.2
13,3,2020,24,16,63,19,29.88,7.8
14,3,2020,22,14,69,13,29.88,12.2
15,3,2020,25,9,42,8,29.85,0.7
16,3,2020,25,8,40,8,29.91,0
17,3,2020,27,8,36,10,29.88,0
18,3,2020,28,8,34,12,29.85,0
19,3,2020,29,8,32,12,29.77,0
20,3,2020,30,7,28,8,29.77,0
21,3,2020,32,7,26,9,29.74,0.1
22,3,2020,31,7,28,8,29.77,0
23,3,2020,30,7,27,10,29.77,0
24,3,2020,31,7,26,12,29.74,0
25,3,2020,32,9,29,14,29.71,0
26,3,2020,32,7,25,15,29.74,0
27,3,2020,26,11,41,21,29.85,0
28,3,2020,29,10,38,15,29.83,0
29,3,2020,29,5,28,18,29.77,0
30,3,2020,31,3,22,20,29.77,0
31,3,2020,32,3,21,15,29.74,0
1,4,2020,34,5,21,13,29.71,0
2,4,2020,32,2,19,16,29.71,0
3,4,2020,32,0,16,13,29.74,0
4,4,2020,32,-2,14,16,29.77,0
5,4,2020,34,1,15,14,29.77,0
6,4,2020,35,3,17,15,29.71,0
7,4,2020,36,-1,12,9,29.59,0
8,4,2020,36,1,14,11,29.62,0
9,4,2020,34,1,16,14,29.68,0
10,4,2020,35,2,15,11,29.71,0
11,4,2020,37,4,16,12,29.71,0.5
12,4,2020,37,4,15,16,29.65,0
13,4,2020,38,5,16,12,29.62,0.1
14,4,2020,39,7,17,9,29.62,0.8
15,4,2020,38,6,18,8,29.65,0.6
16,4,2020,39,3,14,12,29.56,0
17,4,2020,38,0,11,16,29.59,0
18,4,2020,36,6,18,14,29.62,0
19,4,2020,37,4,15,13,29.62,0
20,4,2020,36,7,21,15,29.65,0.5
21,4,2020,35,8,22,16,29.65,1.4
22,4,2020,34,7,21,9,29.62,0
23,4,2020,31,6,23,8,29.65,0.5
24,4,2020,35,9,25,9,29.62,0
25,4,2020,35,9,24,10,29.59,0
26,4,2020,35,10,25,9,29.62,0.9
27,4,2020,31,16,46,20,29.77,3.5
28,4,2020,34,13,36,14,29.74,2.2
29,4,2020,37,11,24,11,29.65,0
30,4,2020,38,11,24,11,29.62,0
1,5,2020,38,10,24,14,29.59,0.6
2,5,2020,38,10,23,13,29.56,0
3,5,2020,40,10,21,12,29.53,0
4,5,2020,38,10,22,17,29.56,0
5,5,2020,35,13,30,14,29.59,1.6
6,5,2020,37,11,28,11,29.62,0.2
7,5,2020,37,8,21,13,29.62,2.5
8,5,2020,38,7,19,13,29.59,0
9,5,2020,40,6,16,13,29.56,0
10,5,2020,40,6,16,12,29.56,0.7
11,5,2020,39,7,17,11,29.59,0.8
12,5,2020,39,9,19,11,29.59,0.4
13,5,2020,40,9,18,11,29.56,0
14,5,2020,40,11,21,10,29.56,0
15,5,2020,40,9,18,16,29.5,0.4
16,5,2020,40,5,14,21,29.47,0
17,5,2020,40,4,12,19,29.44,0
18,5,2020,40,1,10,13,29.44,0
19,5,2020,40,-4,7,15,29.44,0
20,5,2020,40,-3,8,13,29.38,0
21,5,2020,39,1,11,13,29.41,0
22,5,2020,39,5,16,12,29.44,0
23,5,2020,40,8,18,12,29.44,0
24,5,2020,43,3,10,15,29.44,0
25,5,2020,44,1,8,20,29.41,0
26,5,2020,44,1,9,20,29.38,0
27,5,2020,43,3,10,17,29.35,0
28,5,2020,39,12,26,16,29.38,0.1
29,5,2020,34,17,40,18,29.47,2.6
30,5,2020,39,15,31,13,29.53,0.1
31,5,2020,35,14,30,13,29.59,2.8
1,6,2020,38,14,29,13,29.59,0.3
2,6,2020,38,13,25,15,29.56,0
3,6,2020,35,16,36,21,29.56,0.6
4,6,2020,29,17,50,16,29.62,2
5,6,2020,28,19,59,14,29.65,0
6,6,2020,34,18,48,7,29.56,0
7,6,2020,36,17,37,8,29.5,0
8,6,2020,39,14,26,11,29.44,0
9,6,2020,40,14,23,13,29.44,0
10,6,2020,42,13,20,7,29.38,0
11,6,2020,43,13,19,8,29.32,0
12,6,2020,40,18,29,11,29.35,0
13,6,2020,40,19,31,13,29.35,0
14,6,2020,39,20,36,12,29.41,0.5
15,6,2020,40,19,34,11,29.38,0.8
16,6,2020,39,20,37,14,29.32,0
17,6,2020,40,20,36,12,29.29,0
18,6,2020,41,19,35,17,29.32,0
19,6,2020,38,22,49,14,29.44,0.1
20,6,2020,37,22,47,16,29.41,0.4
21,6,2020,38,20,43,12,29.38,0
22,6,2020,37,20,43,14,29.38,0.3
23,6,2020,35,23,51,11,29.47,8.1
24,6,2020,36,23,53,10,29.47,8.4
25,6,2020,38,22,43,8,29.41,0.3
26,6,2020,39,21,45,13,29.35,0.2
27,6,2020,39,20,37,18,29.32,0.7
28,6,2020,36,22,49,18,29.41,2.4
29,6,2020,37,22,49,14,29.44,0.5
30,6,2020,37,23,48,14,29.44,1.9
1,7,2020,38,22,43,10,29.41,0
2,7,2020,41,19,33,11,29.32,0
3,7,2020,42,20,32,11,29.29,0
4,7,2020,38,22,43,24,29.32,3
5,7,2020,38,23,46,14,29.29,0.3
6,7,2020,35,23,55,15,29.35,7.3
7,7,2020,31,24,66,13,29.44,42.4
8,7,2020,34,25,63,10,29.47,9.5
9,7,2020,35,24,58,10,29.35,13.6
10,7,2020,37,23,50,22,29.26,1.8
11,7,2020,37,22,48,21,29.29,9.6
12,7,2020,36,23,55,15,29.35,3.8
13,7,2020,37,23,47,14,29.38,0.7
14,7,2020,38,21,42,12,29.35,0
15,7,2020,37,23,50,20,29.38,4.8
16,7,2020,35,23,53,15,29.41,0.2
17,7,2020,36,24,51,11,29.41,3.7
18,7,2020,37,23,48,11,29.44,0
19,7,2020,33,24,61,11,29.44,6.1
20,7,2020,34,24,60,18,29.35,14.5
21,7,2020,33,24,68,12,29.44,42.9
22,7,2020,35,23,59,15,29.47,7.1
23,7,2020,36,22,48,7,29.47,5.5
24,7,2020,34,23,58,17,29.53,0.5
25,7,2020,35,23,56,13,29.59,0.6
26,7,2020,36,23,50,7,29.59,0.1
27,7,2020,36,22,44,8,29.5,0.7
28,7,2020,37,22,44,10,29.44,4.1
29,7,2020,37,23,50,10,29.44,5.8
30,7,2020,29,25,78,11,29.56,20.2
31,7,2020,35,24,60,9,29.47,11
1,8,2020,31,25,73,6,29.47,13.4
2,8,2020,36,24,56,8,29.38,1.8
3,8,2020,35,24,56,12,29.29,0.9
4,8,2020,36,25,60,10,29.23,11.8
5,8,2020,36,24,55,11,29.26,0.7
6,8,2020,32,24,67,29,29.38,2
7,8,2020,33,24,61,17,29.47,0.3
8,8,2020,36,24,54,6,29.41,0.1
9,8,2020,36,24,53,6,29.35,0.8
10,8,2020,33,25,67,12,29.41,21.7
11,8,2020,32,26,74,9,29.41,12.3
12,8,2020,30,26,78,11,29.41,42.6
13,8,2020,29,26,84,11,29.38,13.1
14,8,2020,31,26,80,10,29.35,35
15,8,2020,32,26,75,11,29.32,54.1
16,8,2020,33,25,69,12,29.38,9.7
17,8,2020,33,26,71,12,29.38,0.6
18,8,2020,34,25,66,10,29.38,0.1
19,8,2020,33,25,68,9,29.38,17.4
20,8,2020,31,25,76,17,29.47,15.3
21,8,2020,29,24,75,22,29.53,1.5
22,8,2020,30,24,79,20,29.5,11.2
23,8,2020,30,24,75,21,29.47,3.3
24,8,2020,31,24,71,11,29.53,1
25,8,2020,32,24,68,9,29.53,0.7
26,8,2020,33,24,66,6,29.56,1
27,8,2020,33,25,65,9,29.5,6.5
28,8,2020,32,25,71,14,29.5,6.7
29,8,2020,32,24,73,15,29.47,16
30,8,2020,30,24,74,19,29.5,2.7
31,8,2020,31,24,73,12,29.56,0
1,9,2020,31,24,69,11,29.62,0
2,9,2020,33,23,63,9,29.65,0
3,9,2020,32,25,72,13,29.62,27.2
4,9,2020,33,24,64,6,29.65,0.2
5,9,2020,33,23,60,6,29.56,0
6,9,2020,34,23,57,4,29.53,0
7,9,2020,34,24,62,6,29.56,4.9
8,9,2020,34,23,56,5,29.56,0.2
9,9,2020,35,23,54,5,29.56,0
10,9,2020,35,23,53,8,29.5,0
11,9,2020,35,21,49,7,29.47,0
12,9,2020,34,22,53,6,29.53,0
13,9,2020,35,23,56,7,29.59,0
14,9,2020,34,23,57,6,29.56,0
15,9,2020,34,23,59,7,29.56,0
16,9,2020,35,23,56,9,29.53,0
17,9,2020,36,22,53,9,29.53,0
18,9,2020,36,21,47,10,29.47,0
19,9,2020,35,22,54,10,29.5,0
20,9,2020,35,24,57,7,29.47,0
21,9,2020,35,23,56,6,29.44,0
22,9,2020,32,24,69,16,29.47,2.1
23,9,2020,26,24,87,19,29.5,26.1
24,9,2020,27,23,80,16,29.59,0.3
25,9,2020,31,22,66,6,29.56,0
26,9,2020,35,18,45,9,29.53,0
27,9,2020,33,17,45,8,29.59,0
28,9,2020,34,18,41,7,29.62,0
29,9,2020,33,15,38,6,29.59,0
30,9,2020,33,12,33,7,29.59,0
1,10,2020,33,14,35,7,29.56,0
2,10,2020,34,17,41,6,29.59,0
3,10,2020,35,18,43,6,29.62,0
4,10,2020,34,16,37,7,29.62,0
5,10,2020,34,12,30,6,29.62,0
6,10,2020,35,14,32,4,29.62,0
7,10,2020,35,14,34,4,29.68,0
8,10,2020,34,14,32,4,29.71,0
9,10,2020,34,14,34,5,29.74,0
10,10,2020,34,13,33,6,29.71,0
11,10,2020,33,15,37,6,29.65,0
12,10,2020,33,16,40,7,29.62,0
13,10,2020,32,17,44,10,29.62,0
14,10,2020,32,18,46,9,29.65,0
15,10,2020,32,19,51,9,29.65,0
16,10,2020,33,18,47,8,29.65,0
17,10,2020,34,14,34,7,29.68,0
18,10,2020,33,10,29,6,29.71,0
19,10,2020,33,9,27,5,29.68,0
20,10,2020,32,8,25,6,29.68,0
21,10,2020,31,8,27,8,29.74,0
22,10,2020,31,12,35,6,29.68,0
23,10,2020,31,10,30,6,29.68,0
24,10,2020,33,10,28,5,29.71,0
25,10,2020,32,6,23,6,29.8,0
26,10,2020,31,4,21,8,29.8,0
27,10,2020,30,4,21,8,29.8,0
28,10,2020,30,4,21,5,29.83,0
29,10,2020,30,5,24,4,29.85,0
30,10,2020,29,5,24,6,29.85,0
31,10,2020,29,5,24,8,29.83,0
1,11,2020,28,3,23,9,29.83,0
2,11,2020,27,-3,15,9,29.88,0
3,11,2020,27,-2,17,10,29.88,0
4,11,2020,27,-1,17,7,29.83,0
5,11,2020,28,2,21,7,29.88,0
6,11,2020,28,2,20,6,29.94,0
7,11,2020,28,2,20,6,29.97,0
8,11,2020,28,1,19,4,30,0
9,11,2020,27,3,24,6,29.94,0
10,11,2020,27,6,29,7,29.91,0
11,11,2020,26,7,32,7,29.97,0
12,11,2020,27,8,34,6,30,0
13,11,2020,27,6,30,7,29.97,0
14,11,2020,28,5,27,5,29.91,0
15,11,2020,26,6,32,8,29.91,0.7
16,11,2020,23,14,60,13,29.94,8.7
17,11,2020,26,13,50,7,29.88,0
18,11,2020,25,9,40,5,29.83,0
19,11,2020,25,8,36,7,29.85,0
20,11,2020,24,5,33,11,29.88,0
21,11,2020,21,1,28,14,29.91,0
22,11,2020,21,-1,26,10,29.97,0
23,11,2020,23,-1,23,5,30,0
24,11,2020,22,-1,23,2,29.97,0
25,11,2020,22,1,27,5,29.97,0
26,11,2020,24,5,33,6,30,0
27,11,2020,23,6,35,11,30.03,0
28,11,2020,24,5,33,9,30.03,0
29,11,2020,24,5,33,7,30,0
30,11,2020,24,3,28,5,29.97,0
1,12,2020,25,2,24,3,29.97,0
2,12,2020,24,3,26,7,29.91,0
3,12,2020,25,4,28,4,29.91,0
4,12,2020,26,5,29,4,29.88,0
5,12,2020,26,6,31,5,29.88,0
6,12,2020,25,7,33,5,29.94,0
7,12,2020,25,8,36,9,29.97,0
8,12,2020,25,6,33,10,29.97,0
9,12,2020,26,7,34,8,29.91,0
10,12,2020,25,8,36,10,29.88,0
11,12,2020,25,9,39,10,29.88,0
12,12,2020,22,14,63,8,29.88,0
13,12,2020,23,11,54,11,29.88,0
14,12,2020,20,3,34,11,29.91,0
15,12,2020,20,4,38,7,30,0
16,12,2020,19,1,33,12,30.06,0
17,12,2020,16,-3,30,16,30.03,0
18,12,2020,16,-3,31,13,30,0
19,12,2020,18,-4,25,11,30.03,0
20,12,2020,17,-5,23,10,30.03,0
21,12,2020,18,-3,25,6,29.97,0
22,12,2020,20,0,30,6,29.94,0
23,12,2020,21,2,33,5,29.91,0
24,12,2020,21,2,31,6,29.91,0
25,12,2020,19,2,35,12,29.94,0
26,12,2020,18,2,36,10,29.94,0
27,12,2020,20,3,35,6,29.91,0
28,12,2020,20,4,39,9,29.88,0
29,12,2020,18,3,42,11,29.97,0
30,12,2020,17,1,38,7,30,0
31,12,2020,15,-1,38,8,30,0
1,1,2019,20,5,43,6,30.09,0
2,1,2019,22,8,47,5,30.09,0
3,1,2019,20,7,50,9,30.12,0
4,1,2019,18,5,47,7,30.09,0
5,1,2019,19,7,51,9,30.06,0
6,1,2019,18,9,60,12,30,0.3
7,1,2019,19,9,62,11,30.03,0
8,1,2019,18,7,56,12,30,0
9,1,2019,18,7,56,11,30,0
10,1,2019,17,6,52,7,30,0
11,1,2019,20,8,53,3,30.03,0
12,1,2019,20,10,58,4,30,0
13,1,2019,19,10,64,8,30.06,0
14,1,2019,17,6,54,16,30,0
15,1,2019,16,4,50,13,30.03,0
16,1,2019,17,4,47,4,30.03,0
17,1,2019,20,9,55,5,30,0
18,1,2019,20,9,56,8,29.97,0
19,1,2019,20,7,51,7,30,0
20,1,2019,22,9,49,6,29.97,0
21,1,2019,21,11,56,13,29.94,0.1
22,1,2019,20,13,70,18,29.91,3.1
23,1,2019,19,13,78,11,30,4.9
24,1,2019,19,11,66,8,30,0
25,1,2019,18,10,69,8,30.03,1.7
26,1,2019,18,11,76,8,30.12,0.8
27,1,2019,16,7,63,12,30.12,0
28,1,2019,15,5,57,13,30.09,0
29,1,2019,16,4,52,13,30.06,0
30,1,2019,16,4,50,8,30.06,0
31,1,2019,18,6,48,7,30.06,0
1,2,2019,20,10,59,9,30,0
2,2,2019,20,10,60,9,29.97,0
3,2,2019,20,10,63,11,30.03,0
4,2,2019,20,9,59,10,30.06,0
5,2,2019,20,9,55,5,30,0
6,2,2019,21,14,70,8,29.85,7.5
7,2,2019,20,14,79,18,29.88,9
8,2,2019,20,11,66,13,29.97,0
9,2,2019,18,8,62,13,30,0
10,2,2019,18,8,60,9,30.06,0
11,2,2019,19,8,59,4,30.09,0
12,2,2019,21,9,56,5,30.09,0
13,2,2019,22,10,53,4,30.06,0
14,2,2019,20,14,72,9,29.97,17.7
15,2,2019,23,16,77,9,29.91,1.9
16,2,2019,18,15,87,9,29.97,0
17,2,2019,19,11,72,14,29.88,0
18,2,2019,22,10,56,10,29.83,0
19,2,2019,24,11,52,7,29.88,0.6
20,2,2019,21,14,69,10,30,1.2
21,2,2019,25,14,59,10,29.97,3.9
22,2,2019,25,15,62,11,29.91,0
23,2,2019,20,10,59,16,29.88,0
24,2,2019,20,9,54,10,29.85,0
25,2,2019,24,9,48,6,29.83,0.1
26,2,2019,20,10,61,12,29.83,4.4
27,2,2019,18,12,76,12,29.83,4.3
28,2,2019,18,8,58,12,29.91,0
1,3,2019,20,6,48,10,29.94,0
2,3,2019,21,8,50,5,29.94,0.1
3,3,2019,22,12,59,8,29.85,0.9
4,3,2019,24,12,56,7,29.74,0
5,3,2019,23,10,56,12,29.8,0
6,3,2019,22,10,53,13,29.83,0
7,3,2019,24,9,47,10,29.83,0
8,3,2019,25,9,42,9,29.85,0
9,3,2019,24,8,41,10,29.83,0
10,3,2019,26,9,42,12,29.85,0
11,3,2019,27,8,35,11,29.88,0
12,3,2019,28,8,36,8,29.88,0
13,3,2019,27,7,34,13,29.91,0
14,3,2019,28,7,32,11,29.91,1
15,3,2019,26,9,43,15,29.97,0
16,3,2019,25,6,37,13,29.94,0
17,3,2019,26,8,37,9,29.88,0
18,3,2019,27,7,33,9,29.88,0
19,3,2019,29,8,32,11,29.8,0
20,3,2019,30,7,28,8,29.74,0
21,3,2019,31,8,28,13,29.77,0
22,3,2019,29,5,26,16,29.83,0
23,3,2019,28,3,25,18,29.83,0
24,3,2019,31,7,28,17,29.8,0
25,3,2019,31,9,30,10,29.8,0.1
26,3,2019,29,9,35,14,29.85,0.4
27,3,2019,31,8,29,11,29.85,0
28,3,2019,32,8,28,10,29.8,0
29,3,2019,36,9,24,8,29.71,0
30,3,2019,36,9,24,6,29.68,0
31,3,2019,34,9,26,13,29.65,0.4
1,4,2019,32,0,15,16,29.71,0
2,4,2019,34,2,16,10,29.71,0
3,4,2019,36,2,15,9,29.71,0
4,4,2019,36,6,18,9,29.71,0
5,4,2019,37,9,21,8,29.68,0
6,4,2019,36,12,29,10,29.68,0
7,4,2019,34,15,37,17,29.65,0
8,4,2019,35,13,32,11,29.65,0
9,4,2019,37,10,23,10,29.62,0
10,4,2019,38,11,24,10,29.68,0
11,4,2019,38,10,22,9,29.65,0
12,4,2019,38,8,19,10,29.65,0
13,4,2019,39,7,18,12,29.65,0
14,4,2019,39,5,16,15,29.65,0
15,4,2019,40,5,15,15,29.62,0
16,4,2019,30,13,35,18,29.74,1.9
17,4,2019,29,14,47,16,29.8,8.9
18,4,2019,30,12,41,10,29.8,0.1
19,4,2019,32,11,31,11,29.74,0
20,4,2019,34,9,26,9,29.65,0
21,4,2019,36,8,20,8,29.62,0
22,4,2019,37,8,19,8,29.59,0.2
23,4,2019,38,9,20,11,29.65,0
24,4,2019,39,11,22,12,29.65,0
25,4,2019,41,10,18,9,29.65,0
26,4,2019,41,7,15,14,29.59,0
27,4,2019,41,0,10,22,29.59,0
28,4,2019,40,-1,9,19,29.56,0
29,4,2019,42,0,9,14,29.53,0
30,4,2019,43,0,9,10,29.47,0
1,5,2019,42,2,11,12,29.44,0
2,5,2019,41,10,19,9,29.47,0
3,5,2019,39,15,31,19,29.56,0
4,5,2019,37,8,21,11,29.62,0
5,5,2019,38,-4,8,19,29.65,0
6,5,2019,40,-6,6,19,29.56,0
7,5,2019,41,-2,8,20,29.53,0
8,5,2019,43,0,9,21,29.5,0
9,5,2019,42,2,11,22,29.47,0
10,5,2019,41,2,11,23,29.5,0
11,5,2019,41,3,11,11,29.56,0
12,5,2019,40,7,16,14,29.56,0
13,5,2019,39,9,18,13,29.56,0
14,5,2019,38,9,19,13,29.56,0
15,5,2019,39,10,20,13,29.62,0
16,5,2019,39,10,19,13,29.62,2.8
17,5,2019,39,10,20,15,29.62,0.2
18,5,2019,35,12,27,11,29.62,0
19,5,2019,38,11,24,15,29.62,0
20,5,2019,40,6,15,14,29.62,0
21,5,2019,41,7,15,14,29.59,0
22,5,2019,41,11,19,13,29.56,2.4
23,5,2019,41,12,19,14,29.5,0.2
24,5,2019,40,12,22,14,29.53,1.1
25,5,2019,39,10,21,21,29.53,0
26,5,2019,40,7,15,15,29.53,0
27,5,2019,42,5,12,15,29.5,0
28,5,2019,43,1,10,13,29.5,0
29,5,2019,43,1,9,12,29.44,0
30,5,2019,45,2,9,12,29.41,0
31,5,2019,43,9,16,10,29.44,0
1,6,2019,43,13,23,13,29.44,0
2,6,2019,43,14,23,14,29.44,0
3,6,2019,41,17,28,17,29.47,0
4,6,2019,43,13,21,15,29.47,0
5,6,2019,44,13,20,11,29.44,0
6,6,2019,44,15,23,10,29.47,0
7,6,2019,42,14,23,11,29.53,0
8,6,2019,44,9,15,10,29.5,0
9,6,2019,45,6,11,11,29.38,0
10,6,2019,45,7,11,8,29.32,0
11,6,2019,45,14,22,9,29.35,0
12,6,2019,42,16,26,13,29.41,0
13,6,2019,42,14,23,16,29.38,1.2
14,6,2019,43,10,17,17,29.35,0
15,6,2019,44,7,15,22,29.35,0
16,6,2019,41,15,26,27,29.38,0
17,6,2019,39,17,34,23,29.41,0.3
18,6,2019,39,16,33,20,29.44,1
19,6,2019,25,19,66,14,29.53,25.3
20,6,2019,33,21,58,6,29.5,0.9
21,6,2019,38,20,38,6,29.47,0
22,6,2019,37,19,39,14,29.5,3.4
23,6,2019,33,22,56,19,29.53,0.2
24,6,2019,36,22,50,16,29.53,6.5
25,6,2019,40,20,38,7,29.5,2.6
26,6,2019,40,20,34,10,29.41,0.3
27,6,2019,43,14,23,15,29.32,0
28,6,2019,43,12,19,17,29.29,0
29,6,2019,43,12,21,13,29.29,0
30,6,2019,43,13,20,10,29.29,0
1,7,2019,41,16,26,10,29.32,0
2,7,2019,40,18,31,14,29.35,0.6
3,7,2019,38,21,41,19,29.38,4.1
4,7,2019,39,21,39,14,29.35,0.2
5,7,2019,38,21,40,9,29.26,1
6,7,2019,35,22,49,7,29.29,11.5
7,7,2019,35,23,56,7,29.32,19.9
8,7,2019,36,23,51,9,29.35,4.3
9,7,2019,31,24,70,12,29.35,50.9
10,7,2019,33,24,66,12,29.32,31.5
11,7,2019,34,24,65,11,29.35,41.3
12,7,2019,36,23,56,16,29.41,5.9
13,7,2019,37,22,48,21,29.41,0
14,7,2019,38,21,43,23,29.38,0.2
15,7,2019,33,22,54,19,29.41,37.9
16,7,2019,34,23,62,11,29.47,25.3
17,7,2019,36,22,50,8,29.47,0.3
18,7,2019,35,21,48,9,29.47,1.1
19,7,2019,38,21,42,4,29.47,0
20,7,2019,37,21,42,7,29.5,0
21,7,2019,36,22,47,9,29.5,0.7
22,7,2019,37,23,49,6,29.47,5.5
23,7,2019,38,23,45,6,29.41,1.8
24,7,2019,35,24,56,12,29.41,12
25,7,2019,29,23,71,10,29.47,6.4
26,7,2019,32,24,70,12,29.38,19.4
27,7,2019,33,23,64,16,29.41,6
28,7,2019,32,24,66,24,29.44,8.1
29,7,2019,34,22,58,23,29.47,0
30,7,2019,33,23,60,22,29.47,0
31,7,2019,32,23,61,15,29.44,0.3
1,8,2019,34,23,58,12,29.44,0.4
2,8,2019,35,23,55,14,29.41,1
3,8,2019,35,23,54,14,29.41,0.2
4,8,2019,36,23,52,10,29.35,3.9
5,8,2019,36,23,50,9,29.32,1
6,8,2019,36,23,53,9,29.32,3.2
7,8,2019,36,23,53,17,29.29,0.6
8,8,2019,32,23,62,24,29.32,0
9,8,2019,32,23,65,30,29.41,4.6
10,8,2019,34,23,61,10,29.44,0
11,8,2019,36,22,53,12,29.47,1.7
12,8,2019,36,22,52,12,29.44,0.3
13,8,2019,36,23,54,9,29.44,1.9
14,8,2019,34,23,58,21,29.5,0.2
15,8,2019,31,23,68,27,29.5,0.9
16,8,2019,29,22,72,18,29.5,1.4
17,8,2019,31,23,68,16,29.53,5.3
18,8,2019,33,23,66,10,29.59,5.1
19,8,2019,34,23,60,6,29.59,0
20,8,2019,34,23,58,5,29.56,5.5
21,8,2019,28,24,76,9,29.53,25.6
22,8,2019,29,24,79,8,29.56,27.7
23,8,2019,34,23,62,5,29.53,0.2
24,8,2019,31,24,69,8,29.56,13.6
25,8,2019,30,24,75,9,29.56,12.8
26,8,2019,33,24,66,14,29.53,0.4
27,8,2019,34,24,64,15,29.53,0.3
28,8,2019,34,24,63,15,29.56,0
29,8,2019,34,24,62,12,29.59,2.3
30,8,2019,35,24,59,7,29.5,0.6
31,8,2019,35,23,56,7,29.47,0.4
1,9,2019,33,24,64,12,29.5,2.7
2,9,2019,36,23,56,9,29.5,0
3,9,2019,36,22,52,7,29.47,0
4,9,2019,34,23,57,12,29.47,0
5,9,2019,34,24,62,15,29.47,5.3
6,9,2019,34,24,64,12,29.44,8.5
7,9,2019,34,24,64,14,29.47,9.3
8,9,2019,33,24,65,14,29.5,0.7
9,9,2019,34,24,64,13,29.47,1.2
10,9,2019,34,24,62,10,29.47,0
11,9,2019,34,24,59,9,29.53,3.1
12,9,2019,33,24,63,11,29.56,1.6
13,9,2019,29,24,76,14,29.56,4.8
14,9,2019,31,24,76,20,29.59,6.3
15,9,2019,31,25,74,9,29.59,30.1
16,9,2019,33,24,69,5,29.56,15.9
17,9,2019,32,24,68,14,29.59,3.4
18,9,2019,28,24,83,15,29.77,13
19,9,2019,28,23,79,15,29.8,6.2
20,9,2019,29,23,75,6,29.71,8.3
21,9,2019,32,23,65,7,29.68,0
22,9,2019,27,23,80,9,29.77,3
23,9,2019,26,23,83,8,29.8,10.1
24,9,2019,27,23,79,8,29.83,4.3
25,9,2019,29,23,78,14,29.83,3.5
26,9,2019,27,23,82,19,29.83,3.1
27,9,2019,25,23,89,15,29.8,13.4
28,9,2019,26,23,87,17,29.74,25.1
29,9,2019,24,21,89,21,29.8,1.3
30,9,2019,26,22,83,9,29.77,0
1,10,2019,29,21,73,8,29.74,0.5
2,10,2019,26,22,80,7,29.77,21.3
3,10,2019,30,21,66,6,29.74,0
4,10,2019,31,21,61,7,29.77,0
5,10,2019,30,18,54,5,29.77,0
6,10,2019,31,17,51,6,29.8,0
7,10,2019,30,16,47,7,29.83,0
8,10,2019,31,18,50,8,29.8,0
9,10,2019,30,18,51,6,29.8,0
10,10,2019,31,16,47,5,29.8,0
11,10,2019,30,16,46,5,29.8,0
12,10,2019,30,15,44,7,29.83,0
13,10,2019,31,16,44,6,29.83,0
14,10,2019,31,15,41,7,29.85,0
15,10,2019,31,16,47,8,29.85,0
16,10,2019,31,18,53,5,29.88,0
17,10,2019,29,19,59,5,29.88,0
18,10,2019,29,19,58,6,29.88,0.1
19,10,2019,30,17,52,5,29.91,0
20,10,2019,30,15,46,7,29.88,0
21,10,2019,30,11,35,10,29.83,0
22,10,2019,29,11,37,9,29.8,0
23,10,2019,30,12,37,6,29.77,0
24,10,2019,29,13,43,9,29.8,0
25,10,2019,28,15,53,8,29.85,0
26,10,2019,29,16,52,5,29.88,0
27,10,2019,29,14,45,6,29.85,0
28,10,2019,29,12,41,6,29.88,0
29,10,2019,29,13,43,5,29.88,0
30,10,2019,28,14,45,5,29.85,0
31,10,2019,31,12,37,7,29.83,0
1,11,2019,32,13,37,7,29.83,0
2,11,2019,31,13,38,6,29.85,0
3,11,2019,30,14,41,7,29.85,0
4,11,2019,29,13,44,9,29.85,0
5,11,2019,28,11,39,11,29.8,0
6,11,2019,28,10,37,7,29.77,0
7,11,2019,28,10,35,6,29.8,0
8,11,2019,28,12,40,6,29.85,0
9,11,2019,29,14,44,5,29.85,0
10,11,2019,28,10,35,10,29.85,0
11,11,2019,28,11,39,10,29.85,0
12,11,2019,28,9,35,7,29.88,0
13,11,2019,27,5,28,6,29.94,0
14,11,2019,26,6,31,4,29.94,0
15,11,2019,28,9,34,2,29.91,0
16,11,2019,27,10,37,7,29.88,0
17,11,2019,27,10,38,15,29.85,0
18,11,2019,25,7,35,13,29.88,0
19,11,2019,26,8,34,7,29.88,0
20,11,2019,26,7,34,4,29.91,0
21,11,2019,27,8,33,5,29.94,0
22,11,2019,26,7,33,6,29.94,0
23,11,2019,25,8,38,10,29.94,0
24,11,2019,26,10,42,13,29.91,0
25,11,2019,26,9,38,9,29.94,0
26,11,2019,28,10,35,7,29.94,0
27,11,2019,26,11,42,5,29.94,0
28,11,2019,26,12,48,7,29.97,0.3
29,11,2019,24,13,55,8,29.94,0.2
30,11,2019,25,11,49,5,29.94,0
1,12,2019,24,9,46,6,29.97,0
2,12,2019,22,4,35,9,30,0.1
3,12,2019,22,6,38,8,30,0
4,12,2019,23,3,31,6,30.03,0
5,12,2019,20,3,35,5,30.06,0
6,12,2019,21,5,38,4,30.06,0
7,12,2019,24,8,41,4,30.03,0
8,12,2019,25,11,46,5,30.03,0
9,12,2019,23,9,47,5,30.03,0
10,12,2019,23,8,43,6,29.94,0
11,12,2019,21,6,42,3,29.91,0
12,12,2019,20,7,47,11,29.91,0.1
13,12,2019,17,14,84,22,29.94,11.6
14,12,2019,20,14,78,11,30.06,0.1
15,12,2019,20,12,67,7,30.03,0
16,12,2019,19,10,61,8,30.03,0
17,12,2019,17,7,58,10,30.06,0
18,12,2019,17,5,51,9,30.06,0
19,12,2019,17,2,43,7,30.03,0
20,12,2019,17,1,38,4,29.97,0
21,12,2019,19,4,42,7,29.97,0
22,12,2019,19,7,52,10,30,0
23,12,2019,19,7,50,8,30,0
24,12,2019,18,6,49,6,30.03,0
25,12,2019,17,3,44,8,30,0
26,12,2019,16,2,43,8,29.97,0
27,12,2019,16,3,44,6,30,0
28,12,2019,16,0,39,5,30.06,0
29,12,2019,16,0,37,3,30.06,0
30,12,2019,15,-2,34,5,30.06,0
31,12,2019,14,-4,33,9,30.09,0
1,1,2018,20,8,50,5,29.91,0
2,1,2018,18,5,46,6,29.91,0
3,1,2018,18,4,44,9,29.94,0
4,1,2018,19,5,47,6,29.94,0
5,1,2018,18,4,45,5,29.94,0
6,1,2018,18,5,47,7,29.91,0
7,1,2018,18,5,47,10,29.94,0
8,1,2018,18,4,44,9,30,0
9,1,2018,18,4,45,7,30.06,0
10,1,2018,18,4,47,10,30.03,0
11,1,2018,18,2,40,12,29.97,0
12,1,2018,18,4,44,7,29.97,0
13,1,2018,21,6,45,7,29.97,0
14,1,2018,21,7,47,7,29.97,0
15,1,2018,19,6,50,11,29.97,0
16,1,2018,20,6,48,6,29.94,0
17,1,2018,20,9,53,3,29.97,0
18,1,2018,21,10,54,7,29.94,0
19,1,2018,22,11,55,9,29.94,0
20,1,2018,19,7,51,11,29.91,0
21,1,2018,20,5,44,5,29.94,0
22,1,2018,21,6,42,3,29.91,0
23,1,2018,19,8,55,9,29.85,1.6
24,1,2018,19,11,68,10,29.88,0
25,1,2018,18,10,70,11,29.88,0
26,1,2018,19,7,55,8,29.91,0
27,1,2018,19,7,54,9,29.88,0
28,1,2018,20,6,46,9,29.94,0
29,1,2018,20,7,47,11,29.97,0
30,1,2018,21,6,43,17,29.91,0
31,1,2018,21,7,47,18,29.88,0
1,2,2018,22,10,53,10,29.91,0
2,2,2018,25,11,50,8,29.85,0
3,2,2018,24,12,53,6,29.91,0
4,2,2018,21,8,48,12,29.94,0
5,2,2018,20,6,44,9,30,0
6,2,2018,21,5,41,11,29.97,0
7,2,2018,20,4,39,13,29.91,0.4
8,2,2018,20,4,38,9,29.88,0
9,2,2018,21,4,38,10,29.88,0
10,2,2018,22,4,37,8,29.97,0
11,2,2018,21,7,47,9,30,0.2
12,2,2018,20,13,73,14,30.06,8.8
13,2,2018,21,15,79,7,30.12,0.6
14,2,2018,20,10,63,13,30.09,0
15,2,2018,21,10,59,13,30.06,0
16,2,2018,22,11,57,10,30.03,0
17,2,2018,23,10,51,10,29.85,0
18,2,2018,25,12,53,7,29.83,0
19,2,2018,24,8,44,7,29.88,0
20,2,2018,26,8,41,5,29.88,0
21,2,2018,26,9,41,5,29.83,0
22,2,2018,27,12,44,5,29.77,0
23,2,2018,28,13,49,6,29.8,0
24,2,2018,29,14,49,9,29.85,0
25,2,2018,27,16,57,9,29.91,0.2
26,2,2018,26,12,50,12,29.85,0
27,2,2018,26,13,50,11,29.85,0
28,2,2018,27,14,51,9,29.85,0
1,3,2018,28,13,47,10,29.8,0
2,3,2018,29,11,40,11,29.74,0
3,3,2018,30,10,36,11,29.71,0
4,3,2018,29,10,35,7,29.71,0
5,3,2018,27,11,44,9,29.83,1.4
6,3,2018,26,7,35,14,29.85,0
7,3,2018,28,6,32,11,29.83,0
8,3,2018,29,7,30,6,29.88,0
9,3,2018,30,8,30,8,29.85,0
10,3,2018,30,6,27,12,29.83,0
11,3,2018,30,7,28,10,29.8,0
12,3,2018,31,8,28,9,29.8,0
13,3,2018,33,8,26,8,29.77,0
14,3,2018,35,8,24,6,29.71,0
15,3,2018,31,9,31,9,29.71,0
16,3,2018,30,7,29,8,29.74,0
17,3,2018,29,3,23,13,29.77,0
18,3,2018,30,1,19,13,29.83,0
19,3,2018,32,2,19,10,29.85,0
20,3,2018,32,4,21,10,29.77,0
21,3,2018,32,7,25,9,29.68,0
22,3,2018,32,8,30,11,29.68,0
23,3,2018,32,7,27,11,29.74,0
24,3,2018,32,7,26,9,29.83,0
25,3,2018,32,4,22,11,29.85,0
26,3,2018,33,4,20,13,29.8,0
27,3,2018,35,1,15,8,29.71,0
28,3,2018,37,-2,10,7,29.68,0
29,3,2018,32,0,13,10,29.68,0
30,3,2018,33,2,15,7,29.62,0
31,3,2018,32,9,30,17,29.68,0
1,4,2018,32,12,35,13,29.74,0
2,4,2018,33,12,30,8,29.74,0
3,4,2018,34,11,27,7,29.71,0
4,4,2018,35,8,22,8,29.62,0.4
5,4,2018,35,11,27,11,29.59,0
6,4,2018,36,12,29,10,29.62,0
7,4,2018,34,15,38,13,29.74,4.4
8,4,2018,33,15,38,10,29.77,0.1
9,4,2018,34,12,29,9,29.77,0
10,4,2018,35,12,30,8,29.71,0
11,4,2018,36,12,27,10,29.71,0.6
12,4,2018,34,12,30,8,29.68,0.2
13,4,2018,35,6,20,9,29.71,0
14,4,2018,36,0,12,11,29.68,0
15,4,2018,38,5,15,8,29.65,0
16,4,2018,39,7,17,9,29.65,0
17,4,2018,39,8,17,8,29.65,0
18,4,2018,39,3,13,15,29.62,0
19,4,2018,39,5,14,13,29.56,0
20,4,2018,39,6,16,12,29.53,0
21,4,2018,37,3,16,15,29.62,0.1
22,4,2018,35,-3,11,16,29.68,0
23,4,2018,36,-3,10,12,29.68,0
24,4,2018,39,-2,9,8,29.62,0
25,4,2018,40,-2,9,9,29.56,0
26,4,2018,40,1,13,13,29.53,0
27,4,2018,38,14,31,14,29.62,0
28,4,2018,38,13,27,13,29.62,0
29,4,2018,38,14,29,11,29.53,0
30,4,2018,38,14,30,15,29.53,0.2
1,5,2018,38,15,33,17,29.59,0
2,5,2018,39,13,27,11,29.62,0
3,5,2018,36,14,31,16,29.68,0.4
4,5,2018,38,12,28,11,29.65,0
5,5,2018,40,11,21,9,29.62,0
6,5,2018,41,10,18,9,29.59,0
7,5,2018,41,9,17,11,29.53,0
8,5,2018,38,8,19,18,29.56,0
9,5,2018,38,8,20,11,29.62,0
10,5,2018,39,6,16,10,29.68,0
11,5,2018,41,6,13,9,29.59,0
12,5,2018,41,8,17,11,29.56,0
13,5,2018,41,13,23,11,29.53,0.3
14,5,2018,40,14,25,9,29.59,1.4
15,5,2018,39,15,29,10,29.56,0
16,5,2018,41,13,23,10,29.5,0
17,5,2018,42,9,18,9,29.5,0
18,5,2018,41,12,22,11,29.5,0
19,5,2018,42,9,16,7,29.5,0
20,5,2018,42,8,15,9,29.53,0
21,5,2018,42,4,11,11,29.53,0
22,5,2018,44,1,9,10,29.53,0
23,5,2018,44,12,20,10,29.47,0
24,5,2018,42,16,26,12,29.44,0
25,5,2018,44,2,12,11,29.44,0
26,5,2018,45,-3,6,9,29.44,0
27,5,2018,45,0,8,8,29.44,0
28,5,2018,44,3,11,10,29.35,0
29,5,2018,41,17,31,14,29.38,0.4
30,5,2018,40,15,29,15,29.44,0
31,5,2018,40,16,28,12,29.5,0
1,6,2018,40,17,32,17,29.53,0
2,6,2018,40,16,31,14,29.53,0
3,6,2018,39,17,31,13,29.47,0
4,6,2018,39,18,33,14,29.47,0
5,6,2018,40,18,32,17,29.5,0
6,6,2018,40,18,31,11,29.5,0.6
7,6,2018,40,18,31,9,29.41,0.3
8,6,2018,37,21,43,20,29.35,1
9,6,2018,38,21,43,12,29.29,0
10,6,2018,39,20,37,7,29.29,0.3
11,6,2018,41,17,28,14,29.23,0
12,6,2018,44,14,21,16,29.18,0
13,6,2018,44,13,20,19,29.18,3.2
14,6,2018,42,15,23,20,29.26,0
15,6,2018,41,15,25,15,29.35,0
16,6,2018,40,15,25,15,29.38,0
17,6,2018,40,18,30,13,29.38,0
18,6,2018,40,17,29,11,29.38,0.3
19,6,2018,41,13,23,12,29.41,1
20,6,2018,42,13,20,10,29.44,0
21,6,2018,44,12,18,10,29.41,0
22,6,2018,43,13,19,11,29.38,0
23,6,2018,44,15,22,10,29.38,0
24,6,2018,43,16,23,9,29.32,0
25,6,2018,42,14,22,12,29.29,0.3
26,6,2018,40,18,31,15,29.32,0.7
27,6,2018,37,21,43,18,29.41,6.7
28,6,2018,36,21,47,29,29.44,0.3
29,6,2018,36,21,46,20,29.47,0
30,6,2018,36,22,45,8,29.47,8.5
1,7,2018,36,22,46,15,29.44,1.4
2,7,2018,34,23,55,15,29.38,37.8
3,7,2018,36,22,51,9,29.38,1
4,7,2018,37,22,49,16,29.35,1.3
5,7,2018,38,22,45,9,29.41,1.7
6,7,2018,39,20,38,11,29.38,4.5
7,7,2018,40,19,34,8,29.38,0
8,7,2018,40,21,38,12,29.35,0
9,7,2018,36,24,50,16,29.38,0.4
10,7,2018,37,23,49,13,29.38,0
11,7,2018,37,23,49,10,29.38,1.6
12,7,2018,34,24,59,10,29.35,12
13,7,2018,34,24,61,13,29.38,21.5
14,7,2018,34,24,61,13,29.35,31.4
15,7,2018,36,24,55,16,29.35,5.1
16,7,2018,37,23,51,16,29.38,0
17,7,2018,37,23,49,16,29.38,0.3
18,7,2018,36,23,51,20,29.38,0.8
19,7,2018,36,23,52,16,29.35,3
20,7,2018,38,23,47,9,29.35,0
21,7,2018,33,25,63,13,29.41,65
22,7,2018,35,24,59,12,29.41,2.2
23,7,2018,35,23,56,20,29.38,1
24,7,2018,34,24,63,16,29.38,39.3
25,7,2018,34,25,64,14,29.38,26.9
26,7,2018,31,25,76,15,29.38,94.7
27,7,2018,29,24,79,16,29.41,5.3
28,7,2018,32,25,70,11,29.44,38.7
29,7,2018,33,24,66,10,29.44,14
30,7,2018,29,25,80,11,29.41,43.7
31,7,2018,29,24,80,9,29.41,41.9
1,8,2018,29,24,80,6,29.41,12.2
2,8,2018,29,25,81,5,29.47,52.3
3,8,2018,28,24,81,9,29.5,22.8
4,8,2018,31,24,72,8,29.47,29.2
5,8,2018,26,25,90,7,29.5,51.8
6,8,2018,27,25,89,4,29.47,7.1
7,8,2018,31,24,74,9,29.44,2.7
8,8,2018,33,24,69,15,29.47,9.5
9,8,2018,33,24,67,13,29.53,0
10,8,2018,35,24,60,5,29.53,0
11,8,2018,32,25,69,9,29.44,22.8
12,8,2018,33,25,69,11,29.38,14.6
13,8,2018,31,25,75,9,29.41,24.9
14,8,2018,33,25,70,5,29.44,13.6
15,8,2018,33,25,71,10,29.47,10.1
16,8,2018,32,26,76,14,29.5,42.4
17,8,2018,33,25,70,13,29.44,0.3
18,8,2018,34,25,64,8,29.44,3.7
19,8,2018,36,25,60,6,29.41,0
20,8,2018,34,25,66,10,29.47,10.6
21,8,2018,33,25,70,14,29.47,4.8
22,8,2018,32,25,71,9,29.44,19.7
23,8,2018,33,26,74,5,29.47,36.8
24,8,2018,28,26,88,12,29.47,51.4
25,8,2018,28,25,86,13,29.47,39.3
26,8,2018,28,25,85,13,29.44,9.2
27,8,2018,31,26,79,7,29.47,15.2
28,8,2018,32,26,76,11,29.5,5.2
29,8,2018,32,25,74,11,29.53,2.7
30,8,2018,33,25,70,5,29.47,2.8
31,8,2018,29,25,83,6,29.5,26
1,9,2018,31,25,75,9,29.53,5.9
2,9,2018,31,25,75,7,29.53,26.6
3,9,2018,31,25,75,4,29.53,10.2
4,9,2018,31,25,76,8,29.56,38.7
5,9,2018,28,25,84,12,29.53,18.7
6,9,2018,32,25,74,5,29.53,2.4
7,9,2018,31,24,72,14,29.59,1.5
8,9,2018,30,24,75,21,29.59,2
9,9,2018,31,23,71,11,29.68,0.2
10,9,2018,30,24,75,10,29.71,0.3
11,9,2018,31,24,73,11,29.68,0.5
12,9,2018,33,24,68,13,29.59,0.7
13,9,2018,32,23,66,15,29.59,4.9
14,9,2018,32,22,64,12,29.65,0
15,9,2018,32,21,59,12,29.71,0
16,9,2018,33,20,55,9,29.65,0
17,9,2018,33,21,55,10,29.59,0
18,9,2018,33,20,51,11,29.62,0
19,9,2018,34,19,46,9,29.62,0
20,9,2018,33,20,51,8,29.62,0
21,9,2018,27,23,77,22,29.71,10.1
22,9,2018,28,23,78,26,29.74,11.1
23,9,2018,30,23,73,18,29.77,6.5
24,9,2018,31,23,69,13,29.71,2.5
25,9,2018,29,23,72,12,29.68,0
26,9,2018,31,22,66,9,29.68,0
27,9,2018,32,21,57,6,29.71,0
28,9,2018,32,21,56,8,29.74,0
29,9,2018,33,17,43,9,29.74,0
30,9,2018,32,18,46,10,29.71,0
1,10,2018,33,19,49,9,29.74,0
2,10,2018,33,19,45,7,29.77,0
3,10,2018,34,17,42,6,29.74,0
4,10,2018,34,19,46,5,29.77,0
5,10,2018,34,19,48,6,29.8,0
6,10,2018,33,18,45,7,29.8,0
7,10,2018,33,16,43,7,29.77,0
8,10,2018,34,17,43,7,29.74,0
9,10,2018,35,17,43,6,29.74,0
10,10,2018,32,18,50,12,29.74,0
11,10,2018,31,19,55,10,29.8,0
12,10,2018,30,19,57,8,29.83,0
13,10,2018,31,17,51,7,29.83,0
14,10,2018,30,13,39,9,29.83,0
15,10,2018,32,11,34,6,29.85,0
16,10,2018,33,13,36,5,29.83,0
17,10,2018,32,13,37,6,29.8,0
18,10,2018,33,13,37,6,29.77,0
19,10,2018,32,12,33,7,29.8,0
20,10,2018,32,12,34,7,29.88,0
21,10,2018,31,11,34,8,29.88,0
22,10,2018,30,7,27,9,29.85,0
23,10,2018,30,9,30,7,29.88,0
24,10,2018,31,10,33,5,29.88,0
25,10,2018,30,10,34,8,29.91,0
26,10,2018,31,11,35,7,29.97,0
27,10,2018,30,10,33,7,29.97,0
28,10,2018,30,11,34,6,29.94,0
29,10,2018,31,11,34,5,29.94,0
30,10,2018,31,12,36,5,29.94,0
31,10,2018,31,13,39,6,29.94,0
1,11,2018,31,14,40,4,29.91,0
2,11,2018,30,13,38,5,29.88,0
3,11,2018,29,12,39,9,29.85,0
4,11,2018,29,14,43,10,29.85,0
5,11,2018,28,12,42,9,29.88,0
6,11,2018,26,9,38,12,29.88,0
7,11,2018,27,5,28,7,29.94,0
8,11,2018,27,3,24,4,29.94,0
9,11,2018,28,11,38,3,29.88,0
10,11,2018,29,13,41,3,29.91,0
11,11,2018,28,12,40,3,29.91,0
12,11,2018,29,10,34,4,29.85,0
13,11,2018,28,9,35,6,29.8,0
14,11,2018,26,11,43,6,29.83,0.3
15,11,2018,28,11,38,6,29.88,0
16,11,2018,26,8,38,13,29.88,0
17,11,2018,26,7,34,10,29.85,0
18,11,2018,27,6,32,4,29.91,0
19,11,2018,26,7,35,7,29.97,0
20,11,2018,28,11,39,6,29.94,0
21,11,2018,27,10,37,8,29.97,0
22,11,2018,26,8,35,6,30,0
23,11,2018,25,8,37,10,30,0
24,11,2018,25,6,33,11,29.97,0
25,11,2018,25,7,36,7,29.97,0
26,11,2018,27,13,47,3,29.94,0
27,11,2018,25,11,47,7,30,0
28,11,2018,25,11,48,6,30.03,0
29,11,2018,27,14,52,5,30.03,0
30,11,2018,25,9,40,7,30,0
1,12,2018,25,8,37,6,29.94,0
2,12,2018,25,8,36,5,29.91,0
3,12,2018,24,6,35,3,29.94,0
4,12,2018,25,7,38,4,30,0
5,12,2018,24,7,38,6,29.94,0
6,12,2018,23,7,39,5,29.91,0
7,12,2018,22,7,40,9,29.94,0
8,12,2018,23,5,35,6,29.97,0
9,12,2018,23,6,37,5,29.94,0
10,12,2018,23,8,42,5,29.94,0
11,12,2018,24,8,42,5,29.97,0
12,12,2018,18,8,54,9,30.03,1.5
13,12,2018,20,8,52,9,30.06,0.3
14,12,2018,20,7,48,12,30.12,0
15,12,2018,20,6,43,9,30.12,0
16,12,2018,22,5,38,5,30.12,0
17,12,2018,20,4,39,6,30.06,0
18,12,2018,21,5,39,7,30.03,0
19,12,2018,20,3,35,8,30.03,0
20,12,2018,20,3,36,7,30,0
21,12,2018,19,2,34,8,29.97,0
22,12,2018,20,2,33,5,30.03,0
23,12,2018,21,3,35,5,30.03,0
24,12,2018,18,3,37,8,30,0
25,12,2018,18,3,40,11,29.97,0
26,12,2018,18,0,33,8,29.97,0
27,12,2018,19,2,37,8,29.97,0
28,12,2018,16,2,41,12,30,0
29,12,2018,17,1,39,8,30.09,0
30,12,2018,19,3,38,6,30.12,0
31,12,2018,19,3,39,9,30.09,0
1,1,2017,19,8,56,10,30,0
2,1,2017,20,10,60,8,30.03,0.1
3,1,2017,21,9,52,7,30.03,0
4,1,2017,21,9,54,6,30,0
5,1,2017,22,11,58,5,29.94,0
6,1,2017,21,10,57,10,29.91,0
7,1,2017,19,10,63,11,29.85,3.2
8,1,2017,15,10,71,8,29.94,0.2
9,1,2017,18,7,53,9,29.91,0
10,1,2017,17,3,46,14,29.94,0
11,1,2017,15,-2,36,13,30,0
12,1,2017,15,-2,37,8,30,0
13,1,2017,16,3,50,7,30,0
14,1,2017,16,1,43,9,30.03,0
15,1,2017,18,2,39,5,30.06,0
16,1,2017,18,6,48,5,30,0
17,1,2017,17,5,53,11,30.03,0
18,1,2017,17,6,54,8,30.12,0
19,1,2017,19,6,49,10,30.15,0
20,1,2017,18,3,43,13,30.09,0
21,1,2017,19,2,39,11,30.09,0
22,1,2017,21,3,37,11,30.09,0
23,1,2017,22,10,54,13,30.06,0
24,1,2017,22,9,49,9,30.03,0
25,1,2017,23,11,54,5,30.06,0
26,1,2017,24,10,48,9,30,0
27,1,2017,17,13,81,13,30.03,1.7
28,1,2017,19,12,73,10,30.03,0
29,1,2017,19,10,66,12,30,0
30,1,2017,21,11,63,7,29.97,0
31,1,2017,22,10,56,8,29.94,0
1,2,2017,21,10,58,9,30,0
2,2,2017,20,9,58,7,30.06,0
3,2,2017,22,10,55,6,30.03,0
4,2,2017,21,8,54,6,29.94,0
5,2,2017,23,9,51,11,29.91,0
6,2,2017,23,11,57,11,29.91,0
7,2,2017,20,6,48,15,29.94,0
8,2,2017,21,6,45,10,29.94,0
9,2,2017,21,6,45,11,29.94,0
10,2,2017,19,6,49,12,29.94,0
11,2,2017,20,7,53,5,29.97,0
12,2,2017,22,7,46,7,30.06,0
13,2,2017,23,8,46,10,30.09,0
14,2,2017,22,5,42,10,30.12,0
15,2,2017,23,7,45,6,30.09,0
16,2,2017,24,7,41,9,30,0
17,2,2017,25,10,48,8,29.97,0
18,2,2017,25,11,51,8,29.97,0
19,2,2017,26,9,41,10,29.88,0
20,2,2017,29,8,34,9,29.71,0
21,2,2017,27,6,34,12,29.71,0
22,2,2017,24,5,35,12,29.83,0
23,2,2017,23,0,27,16,29.91,0
24,2,2017,23,-1,24,18,29.94,0
25,2,2017,24,-2,21,17,29.88,0
26,2,2017,25,-2,21,12,29.85,0
27,2,2017,25,-1,22,11,29.91,0
28,2,2017,28,2,23,10,29.88,0
1,3,2017,30,5,26,6,29.85,0
2,3,2017,28,6,30,14,29.8,0.3
3,3,2017,27,4,27,11,29.77,0
4,3,2017,26,0,23,12,29.77,0
5,3,2017,25,-2,21,13,29.8,0
6,3,2017,26,-2,20,14,29.8,0
7,3,2017,27,0,22,9,29.77,0
8,3,2017,29,-1,19,11,29.74,0
9,3,2017,28,4,26,11,29.71,0
10,3,2017,19,13,72,13,29.74,9.4
11,3,2017,23,9,54,10,29.77,1.5
12,3,2017,22,3,38,12,29.91,0
13,3,2017,23,-1,25,13,29.91,0
14,3,2017,25,-1,22,10,29.97,0
15,3,2017,26,-2,20,12,29.91,0
16,3,2017,29,1,20,12,29.8,0
17,3,2017,28,3,25,13,29.77,0
18,3,2017,28,3,25,12,29.8,0
19,3,2017,29,4,24,7,29.83,0
20,3,2017,29,3,24,11,29.83,0
21,3,2017,31,2,20,13,29.83,0
22,3,2017,34,4,21,12,29.8,0
23,3,2017,35,7,22,9,29.77,0
24,3,2017,35,8,24,9,29.74,0
25,3,2017,34,1,15,14,29.74,0
26,3,2017,34,0,14,15,29.77,0
27,3,2017,35,4,18,13,29.74,0
28,3,2017,37,5,18,11,29.71,0
29,3,2017,37,4,17,13,29.68,0
30,3,2017,38,5,17,17,29.65,0
31,3,2017,39,4,15,12,29.68,0
1,4,2017,38,2,14,10,29.62,0
2,4,2017,38,3,14,14,29.59,0
3,4,2017,39,4,15,13,29.59,0
4,4,2017,39,4,15,10,29.62,0.2
5,4,2017,36,11,26,14,29.62,0.9
6,4,2017,35,13,33,14,29.62,0
7,4,2017,36,10,27,13,29.65,0
8,4,2017,35,2,19,11,29.74,0
9,4,2017,34,-9,7,18,29.74,0
10,4,2017,33,-8,8,21,29.71,0
11,4,2017,35,-6,9,18,29.68,0
12,4,2017,37,-4,9,13,29.65,0
13,4,2017,39,-4,8,8,29.65,0
14,4,2017,40,1,11,9,29.65,0
15,4,2017,40,2,13,10,29.56,0
16,4,2017,40,8,19,10,29.59,0
17,4,2017,39,11,24,11,29.62,0
18,4,2017,40,8,19,9,29.59,0
19,4,2017,41,3,14,13,29.5,0
20,4,2017,42,5,14,7,29.47,0
21,4,2017,40,13,26,14,29.47,0
22,4,2017,41,16,31,8,29.53,0
23,4,2017,39,14,26,8,29.53,0.2
24,4,2017,39,13,28,14,29.56,0.2
25,4,2017,38,3,14,17,29.59,0
26,4,2017,38,1,12,16,29.62,0
27,4,2017,39,3,14,9,29.65,0
28,4,2017,40,3,13,10,29.62,0
29,4,2017,40,4,14,6,29.62,0.3
30,4,2017,38,8,19,8,29.62,5
1,5,2017,37,10,22,14,29.68,1
2,5,2017,39,5,18,6,29.71,0
3,5,2017,39,4,15,13,29.68,0.8
4,5,2017,39,7,18,12,29.68,0.1
5,5,2017,40,5,14,12,29.62,0
6,5,2017,43,5,12,9,29.62,0
7,5,2017,43,6,13,8,29.59,0
8,5,2017,42,10,19,11,29.59,0
9,5,2017,40,15,29,16,29.56,0
10,5,2017,39,16,31,14,29.62,0.3
11,5,2017,40,15,27,9,29.62,0
12,5,2017,41,13,22,9,29.62,0
13,5,2017,42,11,21,10,29.56,0
14,5,2017,44,7,14,13,29.47,0
15,5,2017,44,7,13,13,29.44,0
16,5,2017,43,6,12,12,29.41,0
17,5,2017,40,12,21,11,29.47,0
18,5,2017,39,11,22,6,29.53,0
19,5,2017,41,10,19,9,29.53,0
20,5,2017,40,9,19,12,29.5,0
21,5,2017,42,10,18,10,29.47,0
22,5,2017,40,11,21,14,29.53,0.1
23,5,2017,39,11,22,11,29.56,0
24,5,2017,40,12,21,9,29.53,0
25,5,2017,43,10,16,9,29.47,0
26,5,2017,45,10,16,10,29.44,0
27,5,2017,38,19,37,24,29.44,0
28,5,2017,39,17,31,18,29.47,0.3
29,5,2017,39,16,31,9,29.44,3.7
30,5,2017,37,14,29,9,29.41,0.4
31,5,2017,38,16,32,12,29.47,0
1,6,2017,39,14,27,11,29.5,0.2
2,6,2017,41,6,15,13,29.5,0
3,6,2017,44,7,14,16,29.41,0
4,6,2017,46,4,10,12,29.35,0
5,6,2017,45,7,13,18,29.38,0
6,6,2017,42,17,29,16,29.47,0.1
7,6,2017,39,18,35,11,29.53,0.3
8,6,2017,40,17,30,9,29.5,0
9,6,2017,39,15,28,11,29.47,0.2
10,6,2017,41,12,21,9,29.44,0
11,6,2017,41,12,21,9,29.41,0
12,6,2017,41,10,18,12,29.38,0
13,6,2017,43,8,15,11,29.38,0
14,6,2017,42,9,16,9,29.44,0
15,6,2017,41,12,20,9,29.44,0
16,6,2017,38,17,32,10,29.47,0.7
17,6,2017,38,18,36,11,29.47,0
18,6,2017,40,16,29,10,29.41,0
19,6,2017,39,18,33,11,29.38,3.5
20,6,2017,39,18,32,10,29.38,0.4
21,6,2017,36,20,42,10,29.44,7
22,6,2017,38,16,32,11,29.44,0.2
23,6,2017,39,16,30,10,29.44,1
24,6,2017,39,16,29,6,29.38,0
25,6,2017,39,19,34,10,29.41,0
26,6,2017,39,20,36,15,29.44,0.2
27,6,2017,38,20,37,15,29.41,0
28,6,2017,38,20,39,14,29.44,1.2
29,6,2017,37,22,47,11,29.44,19.8
30,6,2017,36,23,50,9,29.38,9.4
1,7,2017,37,23,50,7,29.35,12.9
2,7,2017,33,25,66,9,29.38,27.9
3,7,2017,36,24,58,6,29.38,11.2
4,7,2017,34,24,58,9,29.35,12
5,7,2017,34,24,62,11,29.41,17.8
6,7,2017,32,25,68,7,29.47,10.7
7,7,2017,34,24,63,13,29.47,7.2
8,7,2017,34,25,67,9,29.47,79.1
9,7,2017,36,24,56,8,29.47,0
10,7,2017,36,24,58,12,29.47,0.9
11,7,2017,28,24,79,11,29.5,9.4
12,7,2017,31,23,70,17,29.53,2.6
13,7,2017,32,24,68,20,29.47,1.5
14,7,2017,34,23,60,14,29.47,1.2
15,7,2017,35,23,56,14,29.47,0.7
16,7,2017,37,22,49,12,29.47,0
17,7,2017,36,22,50,10,29.44,0.2
18,7,2017,37,22,47,8,29.44,2.8
19,7,2017,38,22,44,11,29.41,0
20,7,2017,35,23,53,19,29.38,19.1
21,7,2017,33,24,62,19,29.41,32
22,7,2017,34,24,62,21,29.41,5.2
23,7,2017,34,24,61,18,29.41,10.5
24,7,2017,33,24,64,11,29.41,21.2
25,7,2017,32,24,69,6,29.41,38.9
26,7,2017,33,24,64,17,29.44,1.5
27,7,2017,32,24,66,21,29.47,3.8
28,7,2017,33,24,64,18,29.5,1.7
29,7,2017,34,24,61,11,29.56,1
30,7,2017,34,23,56,8,29.53,3.9
31,7,2017,33,24,62,10,29.53,22.7
1,8,2017,34,24,61,11,29.53,3.8
2,8,2017,32,25,68,12,29.5,25.1
3,8,2017,34,24,62,14,29.44,9
4,8,2017,34,22,55,11,29.41,0
5,8,2017,32,24,69,11,29.47,33
6,8,2017,34,25,68,5,29.47,0
7,8,2017,34,26,67,7,29.5,15.7
8,8,2017,34,25,66,10,29.53,3.4
9,8,2017,34,25,67,9,29.5,11.5
10,8,2017,31,25,76,12,29.47,36.7
11,8,2017,33,25,68,15,29.44,1
12,8,2017,32,24,63,19,29.44,0.1
13,8,2017,33,23,61,15,29.53,0
14,8,2017,34,22,57,11,29.62,0
15,8,2017,34,23,59,12,29.56,0.6
16,8,2017,35,22,54,12,29.47,0
17,8,2017,36,21,48,10,29.47,0
18,8,2017,34,24,61,10,29.5,11
19,8,2017,32,25,73,17,29.56,28.4
20,8,2017,33,25,70,14,29.56,8.9
21,8,2017,33,25,68,13,29.53,5.5
22,8,2017,34,24,65,8,29.53,9.9
23,8,2017,33,24,67,7,29.59,2.9
24,8,2017,34,24,62,5,29.53,1.9
25,8,2017,34,24,60,7,29.5,3.1
26,8,2017,31,25,71,7,29.47,9.2
27,8,2017,31,25,74,13,29.47,53.8
28,8,2017,31,25,78,19,29.5,22
29,8,2017,31,25,73,22,29.5,4.2
30,8,2017,32,25,73,15,29.56,6.3
31,8,2017,33,25,69,11,29.59,2.9
1,9,2017,32,24,70,11,29.59,4.8
2,9,2017,31,24,69,10,29.59,17.6
3,9,2017,32,23,63,9,29.59,0.9
4,9,2017,33,22,58,10,29.62,0
5,9,2017,33,23,59,9,29.62,0
6,9,2017,34,23,57,7,29.62,0
7,9,2017,34,23,57,6,29.65,1
8,9,2017,34,22,57,7,29.65,1.2
9,9,2017,34,22,54,8,29.62,0
10,9,2017,35,21,50,5,29.65,0
11,9,2017,36,21,49,7,29.68,0
12,9,2017,35,19,44,8,29.68,0
13,9,2017,34,19,46,6,29.68,0
14,9,2017,35,21,50,6,29.65,0
15,9,2017,34,23,56,8,29.62,0
16,9,2017,35,23,56,4,29.59,0
17,9,2017,35,23,54,6,29.59,0
18,9,2017,34,23,60,8,29.59,2.8
19,9,2017,33,24,65,7,29.56,17.8
20,9,2017,33,24,65,11,29.56,19.2
21,9,2017,27,24,86,21,29.56,55.6
22,9,2017,29,24,83,21,29.56,37
23,9,2017,30,24,79,9,29.62,34.3
24,9,2017,30,24,74,10,29.65,0.2
25,9,2017,32,23,66,11,29.62,0.4
26,9,2017,33,22,58,10,29.65,0
27,9,2017,34,21,53,8,29.68,0
28,9,2017,34,20,48,5,29.65,0
29,9,2017,34,19,48,5,29.62,0
30,9,2017,34,21,52,5,29.68,0
1,10,2017,35,20,45,6,29.68,0
2,10,2017,34,19,45,7,29.65,0
3,10,2017,35,20,48,5,29.68,0
4,10,2017,34,21,51,6,29.71,0
5,10,2017,34,21,54,5,29.71,0
6,10,2017,28,23,64,3,29.74,0
7,10,2017,34,19,47,6,29.68,0
8,10,2017,34,19,46,5,29.68,0
9,10,2017,34,19,47,7,29.68,0
10,10,2017,35,18,44,4,29.68,0
11,10,2017,33,21,53,7,29.68,0
12,10,2017,33,18,46,7,29.68,0
13,10,2017,33,15,37,8,29.62,0
14,10,2017,34,14,34,7,29.62,0
15,10,2017,35,14,34,6,29.65,0
16,10,2017,34,14,33,5,29.68,0
17,10,2017,33,14,37,8,29.71,0
18,10,2017,34,15,39,5,29.74,0
19,10,2017,32,19,50,7,29.74,0
20,10,2017,32,19,50,6,29.71,0
21,10,2017,33,15,38,8,29.68,0
22,10,2017,33,10,26,6,29.68,0
23,10,2017,33,10,29,4,29.74,0
24,10,2017,33,10,30,6,29.8,0
25,10,2017,32,9,28,6,29.88,0
26,10,2017,31,10,32,7,29.91,0
27,10,2017,31,11,33,7,29.88,0
28,10,2017,31,12,35,6,29.88,0
29,10,2017,31,12,38,8,29.94,0
30,10,2017,30,15,43,4,29.94,0
31,10,2017,30,14,40,5,29.91,0
1,11,2017,30,15,46,5,29.94,0
2,11,2017,30,14,43,6,29.88,0
3,11,2017,29,15,46,6,29.88,0
4,11,2017,30,16,48,6,29.94,0
5,11,2017,31,16,46,4,29.94,0
6,11,2017,30,14,40,5,29.91,0
7,11,2017,30,12,36,4,29.91,0
8,11,2017,30,11,36,6,29.91,0
9,11,2017,30,11,36,4,29.85,0
10,11,2017,30,12,38,4,29.88,0
11,11,2017,29,11,35,5,29.91,0
12,11,2017,29,8,31,6,29.85,0
13,11,2017,29,7,28,4,29.83,0
14,11,2017,28,8,32,7,29.83,0
15,11,2017,27,10,38,7,29.85,0
16,11,2017,26,11,41,8,29.88,0
17,11,2017,27,9,36,10,29.88,0
18,11,2017,26,9,37,9,29.88,0
19,11,2017,25,10,40,12,29.91,0
20,11,2017,24,4,30,15,29.97,0
21,11,2017,22,1,27,12,29.94,0
22,11,2017,22,2,29,11,29.88,0
23,11,2017,23,1,27,9,29.88,0
24,11,2017,23,0,24,9,29.94,0
25,11,2017,25,0,22,7,29.97,0
26,11,2017,24,1,24,8,29.97,0
27,11,2017,24,2,25,9,29.91,0
28,11,2017,25,2,26,7,29.91,0
29,11,2017,26,5,29,4,29.97,0
30,11,2017,26,8,34,3,29.94,0
1,12,2017,26,7,34,4,29.94,0
2,12,2017,25,6,31,4,30,0
3,12,2017,22,2,29,5,29.97,0
4,12,2017,22,2,29,6,29.91,0
5,12,2017,21,4,33,6,29.94,0
6,12,2017,21,3,30,9,29.88,0
7,12,2017,24,5,34,12,29.91,0
8,12,2017,23,3,29,10,29.94,0
9,12,2017,25,3,28,8,29.94,0
10,12,2017,26,8,36,4,29.94,0
11,12,2017,25,10,42,6,29.91,0
12,12,2017,20,11,55,8,29.94,1
13,12,2017,23,10,52,8,29.97,0
14,12,2017,21,6,44,12,30.03,0
15,12,2017,21,4,37,13,30.06,0
16,12,2017,20,2,33,14,30.09,0
17,12,2017,19,1,33,12,30.12,0
18,12,2017,21,3,35,8,30.06,0
19,12,2017,21,4,37,3,30.06,0
20,12,2017,22,7,42,2,30.09,0
21,12,2017,22,8,46,5,30.09,0
22,12,2017,21,5,41,13,30,0
23,12,2017,21,5,41,12,29.94,0
24,12,2017,22,5,37,5,29.97,0
25,12,2017,21,5,41,8,30,0
26,12,2017,21,5,39,7,30,0
27,12,2017,20,3,36,6,30,0
28,12,2017,22,6,40,5,29.97,0
29,12,2017,23,8,45,5,30,0
30,12,2017,22,9,48,4,30,0
31,12,2017,21,9,50,3,29.94,0
1,1,2016,22,4,37,5,30.12,0
2,1,2016,21,1,30,8,30.09,0
3,1,2016,20,0,29,9,30.06,0
4,1,2016,16,5,48,8,30,0
5,1,2016,21,6,43,5,30,0
6,1,2016,24,9,45,7,30,0
7,1,2016,23,9,46,6,30.03,0
8,1,2016,23,8,43,12,30,0
9,1,2016,20,4,40,15,29.94,0
10,1,2016,22,6,41,8,30,0
11,1,2016,23,7,41,5,30,0
12,1,2016,23,9,49,5,29.97,0
13,1,2016,22,9,52,4,29.91,0
14,1,2016,22,10,55,7,29.94,0
15,1,2016,20,10,61,10,29.94,0
16,1,2016,17,5,52,12,29.91,0
17,1,2016,18,2,39,4,29.97,0
18,1,2016,18,1,37,5,29.94,0
19,1,2016,16,8,67,9,29.94,6.3
20,1,2016,16,9,72,9,30.03,0.1
21,1,2016,17,4,48,12,30.06,0
22,1,2016,18,1,38,9,30.09,0
23,1,2016,20,4,41,5,30.09,0
24,1,2016,21,5,44,5,30.06,0
25,1,2016,20,6,48,6,30,0
26,1,2016,19,5,46,6,29.97,0
27,1,2016,20,7,50,5,29.94,0
28,1,2016,22,8,48,8,29.94,0
29,1,2016,22,6,44,6,30,0
30,1,2016,25,12,52,6,29.91,0
31,1,2016,24,10,49,12,29.91,0
1,2,2016,21,6,43,12,29.97,0
2,2,2016,21,0,29,14,30,0
3,2,2016,19,-1,32,13,30,0
4,2,2016,20,2,35,8,30,0
5,2,2016,22,5,42,5,29.97,0
6,2,2016,22,6,46,9,29.91,0
7,2,2016,21,8,48,15,29.91,0.2
8,2,2016,22,10,58,10,29.97,0
9,2,2016,23,12,59,7,29.91,0
10,2,2016,24,10,51,6,29.88,0
11,2,2016,24,8,44,8,29.85,0
12,2,2016,24,7,39,6,29.85,0
13,2,2016,24,5,33,8,29.88,0
14,2,2016,24,7,38,10,29.94,0
15,2,2016,25,6,37,11,30,0
16,2,2016,24,7,41,9,30.03,0.4
17,2,2016,26,8,38,11,30,0
18,2,2016,28,6,30,14,29.94,0
19,2,2016,30,9,34,12,29.88,0
20,2,2016,29,10,36,9,29.88,0
21,2,2016,25,9,43,18,29.88,0
22,2,2016,25,1,27,16,29.88,0
23,2,2016,26,1,24,9,29.88,0
24,2,2016,27,1,23,7,29.85,0
25,2,2016,27,3,26,8,29.94,0
26,2,2016,27,4,27,9,30,0
27,2,2016,28,5,28,8,30.03,0
28,2,2016,29,7,30,5,30.03,0
29,2,2016,28,6,30,8,30,0
1,3,2016,30,6,28,6,29.94,0
2,3,2016,31,7,28,4,29.94,0
3,3,2016,32,7,28,5,29.91,0
4,3,2016,31,5,23,8,29.83,0
5,3,2016,31,5,24,9,29.83,0
6,3,2016,30,10,35,11,29.85,0.8
7,3,2016,29,14,49,9,29.83,6.6
8,3,2016,29,13,46,8,29.8,2.5
9,3,2016,30,9,35,13,29.83,0
10,3,2016,30,8,30,12,29.85,0
11,3,2016,32,7,26,8,29.83,0
12,3,2016,31,10,32,10,29.77,1
13,3,2016,30,10,39,12,29.8,2.8
14,3,2016,28,14,49,9,29.88,0
15,3,2016,27,9,37,10,29.91,0
16,3,2016,28,2,23,15,29.83,0
17,3,2016,31,3,21,10,29.8,0
18,3,2016,31,3,20,12,29.77,0
19,3,2016,33,7,23,8,29.71,0
20,3,2016,34,7,23,10,29.74,0
21,3,2016,32,1,18,20,29.74,0
22,3,2016,29,-3,14,22,29.71,0
23,3,2016,31,-4,14,13,29.77,0
24,3,2016,34,0,14,8,29.83,0
25,3,2016,35,2,15,5,29.85,0
26,3,2016,36,1,14,11,29.8,0
27,3,2016,32,9,29,14,29.83,0.2
28,3,2016,33,7,26,11,29.83,0
29,3,2016,33,2,17,11,29.8,0
30,3,2016,34,4,18,7,29.8,0
31,3,2016,37,3,15,10,29.71,0
1,4,2016,37,3,14,10,29.65,0
2,4,2016,36,8,22,11,29.68,0
3,4,2016,38,10,22,11,29.68,0
4,4,2016,38,10,22,9,29.65,0
5,4,2016,37,5,16,16,29.62,0
6,4,2016,36,5,17,14,29.65,0.9
7,4,2016,36,8,20,14,29.68,0.4
8,4,2016,36,5,18,14,29.71,0
9,4,2016,37,2,14,13,29.68,0
10,4,2016,38,1,12,12,29.68,0
11,4,2016,37,2,13,16,29.65,0
12,4,2016,35,3,16,23,29.62,0
13,4,2016,35,5,19,11,29.65,0.5
14,4,2016,35,4,19,10,29.65,0.1
15,4,2016,36,5,18,8,29.62,0
16,4,2016,36,7,20,10,29.65,0
17,4,2016,36,6,20,12,29.62,0.1
18,4,2016,36,5,19,13,29.59,0.3
19,4,2016,37,4,16,12,29.59,0
20,4,2016,37,5,17,13,29.59,0
21,4,2016,39,1,12,22,29.53,0
22,4,2016,40,3,11,15,29.47,0
23,4,2016,37,-1,11,17,29.47,0
24,4,2016,37,-7,7,15,29.53,0
25,4,2016,38,-5,8,15,29.59,0
26,4,2016,39,-4,7,13,29.65,0.1
27,4,2016,41,-1,9,10,29.59,0.9
28,4,2016,40,-5,7,12,29.56,0
29,4,2016,41,-4,7,15,29.59,0
30,4,2016,40,-7,6,15,29.59,0
1,5,2016,41,-6,6,12,29.5,0
2,5,2016,43,-5,6,12,29.5,0
3,5,2016,40,7,16,16,29.56,0.2
4,5,2016,40,12,22,12,29.59,0.2
5,5,2016,38,12,25,16,29.62,0
6,5,2016,37,11,24,10,29.65,0.1
7,5,2016,37,12,25,7,29.65,0.1
8,5,2016,38,13,26,9,29.65,0.2
9,5,2016,39,14,27,12,29.65,0.2
10,5,2016,41,12,21,9,29.65,0.3
11,5,2016,39,14,26,12,29.62,0
12,5,2016,41,13,24,10,29.5,0
13,5,2016,41,12,22,9,29.5,0
14,5,2016,43,12,20,9,29.53,0
15,5,2016,43,11,20,9,29.53,0
16,5,2016,44,6,14,10,29.47,0
17,5,2016,44,2,10,13,29.41,0
18,5,2016,44,0,9,15,29.38,0
19,5,2016,40,11,21,12,29.5,0
20,5,2016,40,10,20,11,29.5,0
21,5,2016,40,9,20,12,29.47,0.7
22,5,2016,41,14,27,14,29.38,0
23,5,2016,41,15,26,14,29.44,0
24,5,2016,40,14,26,12,29.47,1.8
25,5,2016,39,15,29,12,29.41,6.9
26,5,2016,39,15,29,12,29.47,1.6
27,5,2016,38,14,25,14,29.5,1.3
28,5,2016,33,14,28,9,29.47,1.3
29,5,2016,38,15,30,12,29.5,0.2
30,5,2016,37,15,31,9,29.53,2.5
31,5,2016,39,14,26,12,29.53,0
1,6,2016,40,13,25,11,29.5,0
2,6,2016,41,16,27,10,29.53,0
3,6,2016,42,15,25,11,29.53,0
4,6,2016,41,17,28,12,29.53,0
5,6,2016,42,17,28,13,29.53,0
6,6,2016,41,16,27,11,29.53,0
7,6,2016,41,17,29,9,29.5,0
8,6,2016,41,17,29,10,29.47,0
9,6,2016,42,15,27,10,29.44,0
10,6,2016,41,15,24,9,29.44,0.4
11,6,2016,42,14,22,12,29.41,0
12,6,2016,41,16,26,12,29.41,0.8
13,6,2016,41,17,28,12,29.41,0.8
14,6,2016,40,18,31,16,29.41,1.8
15,6,2016,38,19,37,13,29.41,15.3
16,6,2016,37,18,40,13,29.41,4.8
17,6,2016,38,21,42,10,29.47,0.8
18,6,2016,37,21,44,13,29.5,0.5
19,6,2016,37,21,44,13,29.5,2.4
20,6,2016,38,22,44,13,29.47,2.9
21,6,2016,34,24,61,10,29.5,19.3
22,6,2016,36,24,58,7,29.53,16.1
23,6,2016,38,22,48,7,29.5,3.6
24,6,2016,39,21,41,9,29.44,0
25,6,2016,38,21,43,13,29.47,0
26,6,2016,38,22,45,12,29.5,4.3
27,6,2016,38,22,45,12,29.47,0.2
28,6,2016,38,22,44,15,29.47,0.6
29,6,2016,38,22,44,14,29.5,0
30,6,2016,40,21,39,10,29.44,0
1,7,2016,38,22,45,14,29.35,3.6
2,7,2016,35,24,59,14,29.41,12.2
3,7,2016,30,25,73,10,29.41,43.6
4,7,2016,35,25,63,7,29.38,29.9
5,7,2016,33,25,65,8,29.35,5.9
6,7,2016,33,25,65,10,29.38,13.3
7,7,2016,33,24,65,14,29.41,0.6
8,7,2016,34,24,61,13,29.38,4.5
9,7,2016,35,25,62,13,29.38,43.4
10,7,2016,36,24,55,10,29.35,0.4
11,7,2016,34,24,60,14,29.38,12.5
12,7,2016,33,24,64,15,29.44,8
13,7,2016,35,24,61,12,29.41,8.6
14,7,2016,36,25,59,8,29.41,7.6
15,7,2016,35,25,65,8,29.41,37.1
16,7,2016,33,25,70,12,29.44,12
17,7,2016,29,25,81,19,29.53,22.5
18,7,2016,34,24,65,11,29.41,9.5
19,7,2016,34,24,64,11,29.38,3.6
20,7,2016,32,25,70,10,29.41,7.8
21,7,2016,32,25,71,11,29.41,7.3
22,7,2016,33,25,68,14,29.41,5.2
23,7,2016,33,24,65,14,29.41,2.1
24,7,2016,32,24,66,11,29.44,4.3
25,7,2016,33,24,66,10,29.44,4.6
26,7,2016,33,24,67,12,29.44,7.3
27,7,2016,32,24,68,13,29.44,2.4
28,7,2016,31,25,76,12,29.53,27
29,7,2016,31,25,79,12,29.5,68.3
30,7,2016,30,26,82,9,29.53,44.1
31,7,2016,31,25,78,12,29.5,31.7
1,8,2016,30,25,80,14,29.47,10.6
2,8,2016,32,24,71,13,29.41,1.8
3,8,2016,33,25,69,13,29.41,9.2
4,8,2016,33,25,68,15,29.44,12.2
5,8,2016,34,25,66,15,29.47,2.8
6,8,2016,33,25,69,16,29.47,3
7,8,2016,32,24,70,19,29.47,4.6
8,8,2016,31,25,74,14,29.47,31.8
9,8,2016,32,25,72,10,29.47,1.2
10,8,2016,31,25,75,12,29.47,17
11,8,2016,32,25,76,9,29.53,20.9
12,8,2016,33,26,73,7,29.5,2.9
13,8,2016,33,26,71,3,29.5,16.9
14,8,2016,33,26,71,5,29.47,11.1
15,8,2016,31,26,79,11,29.44,15.3
16,8,2016,30,25,78,13,29.41,16.8
17,8,2016,30,26,82,7,29.41,64.1
18,8,2016,32,25,72,7,29.44,2.7
19,8,2016,30,25,81,19,29.44,22.8
20,8,2016,31,24,77,16,29.5,0.2
21,8,2016,31,24,72,8,29.53,0
22,8,2016,31,25,74,8,29.56,0
23,8,2016,29,24,77,19,29.56,19.2
24,8,2016,31,25,79,14,29.56,62.3
25,8,2016,33,25,69,5,29.59,0.7
26,8,2016,33,25,68,8,29.62,4
27,8,2016,33,25,69,10,29.65,0
28,8,2016,34,25,68,7,29.65,0.3
29,8,2016,34,25,66,4,29.56,6.4
30,8,2016,33,26,69,6,29.53,7.1
31,8,2016,32,25,69,9,29.56,0
1,9,2016,33,25,69,7,29.53,0
2,9,2016,32,24,68,11,29.5,0.6
3,9,2016,32,22,60,15,29.5,0
4,9,2016,32,22,62,14,29.56,0
5,9,2016,32,22,65,15,29.56,0
6,9,2016,31,22,64,16,29.59,0.4
7,9,2016,32,22,60,12,29.59,0
8,9,2016,33,22,57,10,29.62,0
9,9,2016,33,22,56,12,29.62,0
10,9,2016,33,22,57,11,29.62,0
11,9,2016,34,21,55,8,29.59,0
12,9,2016,34,21,54,8,29.62,0.5
13,9,2016,32,24,72,8,29.68,2.5
14,9,2016,31,25,74,8,29.68,38.2
15,9,2016,33,24,66,5,29.65,0.1
16,9,2016,33,24,63,4,29.62,1.1
17,9,2016,33,25,68,5,29.59,26.7
18,9,2016,32,24,69,6,29.62,0.6
19,9,2016,33,25,68,5,29.62,12.8
20,9,2016,34,23,60,5,29.59,0
21,9,2016,32,24,67,12,29.68,1.9
22,9,2016,30,24,76,10,29.71,21.2
23,9,2016,30,24,76,10,29.62,15.9
24,9,2016,30,24,75,9,29.62,0.6
25,9,2016,30,24,76,8,29.62,4.1
26,9,2016,30,24,75,9,29.68,1.2
27,9,2016,31,24,72,7,29.68,0.5
28,9,2016,32,24,71,6,29.65,1.6
29,9,2016,30,24,74,8,29.65,2
30,9,2016,32,24,68,5,29.65,0.6
1,10,2016,32,24,67,9,29.68,0
2,10,2016,33,24,66,8,29.71,0
3,10,2016,33,24,64,7,29.68,0.3
4,10,2016,34,23,60,7,29.62,0.6
5,10,2016,34,23,58,6,29.62,1.2
6,10,2016,31,23,68,10,29.68,6.4
7,10,2016,33,22,60,5,29.68,0
8,10,2016,33,22,60,5,29.68,3.4
9,10,2016,34,22,58,5,29.65,0
10,10,2016,33,19,52,7,29.65,0
11,10,2016,32,12,35,10,29.65,0
12,10,2016,32,10,30,10,29.68,0
13,10,2016,32,8,27,8,29.71,0
14,10,2016,32,9,28,6,29.77,0
15,10,2016,32,10,30,7,29.77,0
16,10,2016,32,14,38,6,29.8,0
17,10,2016,31,8,28,8,29.77,0
18,10,2016,31,8,27,8,29.74,0
19,10,2016,32,11,32,6,29.71,0
20,10,2016,32,8,27,7,29.71,0
21,10,2016,32,11,32,7,29.71,0
22,10,2016,32,11,32,11,29.74,0
23,10,2016,31,8,28,11,29.74,0
24,10,2016,30,7,27,11,29.71,0
25,10,2016,30,11,34,9,29.74,0
26,10,2016,30,8,30,10,29.8,0
27,10,2016,30,6,26,7,29.88,0
28,10,2016,30,5,24,8,29.85,0
29,10,2016,30,6,26,5,29.85,0
30,10,2016,30,9,32,6,29.91,0
31,10,2016,29,11,37,6,29.97,0
1,11,2016,30,12,38,3,29.94,0
2,11,2016,28,11,36,6,29.94,0
3,11,2016,29,10,36,7,29.94,0
4,11,2016,29,11,39,5,29.85,0
5,11,2016,28,7,30,9,29.8,0
6,11,2016,28,4,24,9,29.83,0
7,11,2016,28,3,22,10,29.85,0
8,11,2016,27,1,22,11,29.88,0
9,11,2016,27,3,24,7,29.91,0
10,11,2016,29,2,22,4,29.88,0
11,11,2016,29,7,31,3,29.91,0
12,11,2016,30,12,40,3,29.94,0
13,11,2016,30,11,37,5,29.97,0
14,11,2016,28,8,32,6,29.94,0
15,11,2016,27,6,30,6,29.94,0
16,11,2016,26,3,24,8,29.97,0
17,11,2016,24,0,22,11,29.97,0
18,11,2016,25,1,24,9,29.91,0
19,11,2016,26,3,26,6,29.85,0
20,11,2016,27,4,26,4,29.88,0
21,11,2016,26,3,27,8,29.88,0
22,11,2016,26,3,25,12,29.85,0
23,11,2016,26,5,29,11,29.88,0
24,11,2016,25,3,27,12,29.91,0
25,11,2016,25,1,23,15,29.85,0
26,11,2016,25,3,27,10,29.85,0
27,11,2016,26,6,33,9,29.88,0
28,11,2016,25,3,28,10,29.88,0
29,11,2016,26,11,46,5,29.94,0
30,11,2016,25,15,59,5,29.97,0
1,12,2016,26,15,56,6,30,0
2,12,2016,26,14,52,5,30,0
3,12,2016,24,6,36,5,30.06,0
4,12,2016,23,4,33,7,30.06,0
5,12,2016,23,3,31,6,30,0
6,12,2016,24,4,31,5,30.03,0
7,12,2016,23,6,40,3,30,0
8,12,2016,23,7,42,3,29.97,0
9,12,2016,22,6,40,7,29.91,0
10,12,2016,23,7,41,4,29.91,0
11,12,2016,25,8,41,8,29.88,0
12,12,2016,24,8,40,11,29.88,0
13,12,2016,23,6,38,10,29.91,0
14,12,2016,23,5,35,12,29.97,0
15,12,2016,22,2,30,12,30,0
16,12,2016,20,0,30,8,30.03,0
17,12,2016,20,-2,26,9,30,0
18,12,2016,21,-1,28,8,30,0
19,12,2016,20,1,32,11,30,0
20,12,2016,21,2,33,13,29.94,0
21,12,2016,21,2,33,10,29.97,0
22,12,2016,22,4,36,5,29.97,0
23,12,2016,23,8,46,5,29.91,0
24,12,2016,23,11,52,5,29.85,0
25,12,2016,22,10,55,9,29.88,0
26,12,2016,21,9,53,11,29.97,0
27,12,2016,21,1,32,8,30.03,0
28,12,2016,21,1,31,7,30,0
29,12,2016,18,4,43,7,30.03,0
30,12,2016,20,7,52,5,30.03,0
31,12,2016,20,10,60,8,30,0
1,1,2015,19,4,42,10,30,0.6
2,1,2015,16,12,77,13,30.03,0.7
3,1,2015,20,15,82,8,30.03,2.1
4,1,2015,18,11,74,14,30.03,0
5,1,2015,17,4,48,19,29.97,0
6,1,2015,18,7,56,10,29.94,0
7,1,2015,19,5,47,9,29.94,0
8,1,2015,18,4,47,9,29.97,0
9,1,2015,18,1,40,9,30.03,0
10,1,2015,16,-2,34,10,30.03,0
11,1,2015,18,4,49,7,30.03,0
12,1,2015,19,8,61,4,30.06,0
13,1,2015,19,8,61,4,30.03,0
14,1,2015,18,6,55,10,30,0
15,1,2015,19,8,58,8,30.06,0
16,1,2015,18,8,61,9,30.06,0
17,1,2015,18,6,54,8,30.03,0
18,1,2015,19,4,44,9,30.06,0
19,1,2015,19,3,41,7,30.06,0
20,1,2015,19,4,43,5,30.09,0
21,1,2015,18,4,44,8,30.12,0
22,1,2015,15,8,66,11,30.12,1.6
23,1,2015,17,10,71,9,30.06,0
24,1,2015,19,9,61,14,30.06,0
25,1,2015,18,8,57,9,30.09,2.7
26,1,2015,19,10,66,5,30.06,0.1
27,1,2015,19,9,58,10,30.03,0
28,1,2015,17,2,45,14,30,0
29,1,2015,17,0,38,12,30.03,0
30,1,2015,16,0,38,17,30.09,0
31,1,2015,17,1,38,11,30.03,0
1,2,2015,19,4,42,6,30.03,0
2,2,2015,20,5,45,13,30.06,0.1
3,2,2015,22,10,57,15,30.09,0.8
4,2,2015,20,10,61,16,30.09,0
5,2,2015,20,6,48,12,30.06,0
6,2,2015,21,3,39,7,30.06,0
7,2,2015,21,5,40,5,30,0
8,2,2015,21,8,49,7,30,0
9,2,2015,22,9,51,13,30.03,0
10,2,2015,21,5,43,14,30.06,0
11,2,2015,21,6,45,11,30,0
12,2,2015,21,4,39,12,29.94,0
13,2,2015,21,3,37,11,29.88,0
14,2,2015,25,6,36,5,29.8,0
15,2,2015,25,8,40,8,29.85,0
16,2,2015,24,10,48,11,29.94,0
17,2,2015,25,11,49,13,29.85,0
18,2,2015,25,13,55,8,29.85,0
19,2,2015,27,13,50,9,29.88,0
20,2,2015,28,13,49,7,29.91,0
21,2,2015,27,10,42,11,29.88,0
22,2,2015,27,9,39,15,29.85,0
23,2,2015,27,12,48,7,29.91,0
24,2,2015,26,12,50,5,29.83,0
25,2,2015,29,10,38,10,29.74,0
26,2,2015,27,10,39,12,29.77,0.1
27,2,2015,26,7,37,9,29.83,0
28,2,2015,26,8,40,11,29.85,0.2
1,3,2015,18,15,83,21,29.91,23.6
2,3,2015,19,16,86,14,29.94,5.1
3,3,2015,22,12,62,7,29.88,2
4,3,2015,22,6,43,15,29.88,0
5,3,2015,23,5,39,13,29.94,0
6,3,2015,25,6,36,13,29.97,0
7,3,2015,26,8,40,12,29.91,0
8,3,2015,27,7,35,13,29.91,0
9,3,2015,26,8,40,17,30,0
10,3,2015,19,5,44,16,29.97,0
11,3,2015,26,6,33,10,29.85,0.1
12,3,2015,27,6,34,11,29.85,0
13,3,2015,26,8,37,10,29.85,0.2
14,3,2015,27,7,33,9,29.85,0
15,3,2015,28,7,33,10,29.83,0
16,3,2015,28,6,30,10,29.83,0
17,3,2015,29,7,29,9,29.8,0
18,3,2015,30,7,28,10,29.77,0
19,3,2015,25,6,31,11,29.83,0
20,3,2015,28,5,27,11,29.91,0
21,3,2015,30,6,27,13,29.91,0
22,3,2015,31,10,32,15,29.83,0
23,3,2015,31,8,29,12,29.77,0
24,3,2015,34,7,23,9,29.8,0
25,3,2015,35,7,23,7,29.83,0
26,3,2015,35,8,24,9,29.85,0
27,3,2015,35,6,20,12,29.83,0
28,3,2015,35,3,17,10,29.77,0
29,3,2015,34,6,21,10,29.71,0
30,3,2015,28,15,49,18,29.77,10.7
31,3,2015,30,14,46,9,29.77,0
1,4,2015,32,11,32,11,29.71,0
2,4,2015,34,10,28,10,29.62,0
3,4,2015,34,12,32,12,29.59,0
4,4,2015,30,14,42,10,29.62,1.9
5,4,2015,30,11,36,13,29.68,0
6,4,2015,32,7,26,12,29.71,0
7,4,2015,32,5,20,8,29.74,0
8,4,2015,32,6,24,12,29.8,0
9,4,2015,32,6,25,15,29.77,0
10,4,2015,33,3,19,15,29.74,0
11,4,2015,37,3,15,7,29.71,0
12,4,2015,31,9,27,14,29.83,0.9
13,4,2015,35,7,24,10,29.71,1
14,4,2015,35,4,19,10,29.65,0.1
15,4,2015,36,5,18,8,29.62,0
16,4,2015,32,14,38,9,29.85,0
17,4,2015,34,10,27,19,29.71,0
18,4,2015,36,7,20,13,29.56,0
19,4,2015,40,7,16,10,29.59,0
20,4,2015,39,13,24,15,29.65,0
21,4,2015,39,9,21,16,29.59,0
22,4,2015,39,-1,10,17,29.56,0
23,4,2015,39,-1,9,10,29.59,0
24,4,2015,40,5,15,8,29.62,0
25,4,2015,34,15,37,27,29.71,0
26,4,2015,34,13,36,16,29.74,0
27,4,2015,36,14,32,14,29.71,0
28,4,2015,38,6,19,13,29.59,0
29,4,2015,36,12,28,13,29.65,0
30,4,2015,38,10,23,13,29.62,0
1,5,2015,37,11,23,17,29.59,0
2,5,2015,38,9,20,12,29.65,0
3,5,2015,39,2,12,10,29.68,0
4,5,2015,40,-2,9,11,29.65,0
5,5,2015,41,-4,7,8,29.59,0
6,5,2015,42,-2,8,14,29.53,0
7,5,2015,42,2,11,11,29.56,0
8,5,2015,42,1,10,12,29.53,0
9,5,2015,41,10,21,12,29.53,0
10,5,2015,42,6,13,13,29.5,0
11,5,2015,42,9,15,9,29.56,0
12,5,2015,38,16,30,13,29.59,0
13,5,2015,39,15,28,12,29.59,2.2
14,5,2015,38,13,25,10,29.65,1.6
15,5,2015,39,7,17,15,29.62,0
16,5,2015,38,11,22,10,29.59,0.3
17,5,2015,40,9,17,9,29.5,0
18,5,2015,42,12,20,10,29.5,0
19,5,2015,42,14,21,11,29.47,0
20,5,2015,42,3,11,17,29.5,0
21,5,2015,42,1,9,16,29.47,0
22,5,2015,43,-4,6,18,29.41,0
23,5,2015,44,-2,7,17,29.38,0
24,5,2015,44,0,7,10,29.38,0.1
25,5,2015,44,0,8,10,29.41,0
26,5,2015,44,6,15,11,29.44,0
27,5,2015,42,8,21,18,29.47,0
28,5,2015,43,0,10,10,29.44,0
29,5,2015,43,-4,6,10,29.47,0
30,5,2015,43,4,10,9,29.5,0
31,5,2015,41,6,13,14,29.47,0
1,6,2015,41,8,16,10,29.47,0
2,6,2015,41,9,17,7,29.53,0.7
3,6,2015,44,9,16,10,29.53,0.2
4,6,2015,42,10,18,11,29.53,0.1
5,6,2015,41,12,22,10,29.56,2.4
6,6,2015,41,7,14,16,29.47,0
7,6,2015,42,8,15,14,29.44,0
8,6,2015,44,8,13,12,29.41,0
9,6,2015,44,5,11,19,29.38,0
10,6,2015,43,11,17,24,29.41,0
11,6,2015,42,14,21,22,29.44,0
12,6,2015,42,12,19,16,29.41,0
13,6,2015,42,13,21,9,29.38,0
14,6,2015,38,16,29,11,29.44,0.5
15,6,2015,39,14,24,8,29.47,0
16,6,2015,39,14,24,10,29.44,0
17,6,2015,41,15,25,9,29.38,0
18,6,2015,40,17,29,14,29.41,0
19,6,2015,39,19,34,16,29.41,0
20,6,2015,39,20,36,17,29.41,0.2
21,6,2015,38,19,35,21,29.38,0
22,6,2015,38,20,38,17,29.35,0
23,6,2015,39,19,34,10,29.32,1
24,6,2015,37,21,42,12,29.35,4.3
25,6,2015,33,23,63,16,29.32,76.2
26,6,2015,35,19,46,20,29.32,8.4
27,6,2015,39,15,29,16,29.35,0
28,6,2015,37,18,39,21,29.5,0
29,6,2015,33,21,53,25,29.59,1.6
30,6,2015,29,23,69,15,29.53,33.6
1,7,2015,33,22,58,11,29.53,7.1
2,7,2015,36,21,47,12,29.53,0.4
3,7,2015,38,20,38,16,29.47,0.6
4,7,2015,39,19,35,16,29.41,0
5,7,2015,38,21,40,17,29.35,0.4
6,7,2015,34,24,58,11,29.38,29.4
7,7,2015,35,24,59,12,29.41,22.9
8,7,2015,32,24,64,12,29.44,22.8
9,7,2015,34,23,57,6,29.41,4.3
10,7,2015,32,24,65,18,29.44,30
11,7,2015,28,24,78,36,29.41,51.5
12,7,2015,31,25,75,17,29.47,53.1
13,7,2015,35,23,56,12,29.5,0
14,7,2015,36,22,51,11,29.41,0
15,7,2015,37,21,45,17,29.32,0
16,7,2015,34,23,58,11,29.35,2.4
17,7,2015,34,23,60,7,29.38,4.4
18,7,2015,35,23,54,15,29.41,1
19,7,2015,36,21,48,13,29.38,0
20,7,2015,36,22,51,17,29.41,0.2
21,7,2015,35,22,51,21,29.47,0
22,7,2015,35,22,51,20,29.5,0
23,7,2015,34,22,51,19,29.56,0
24,7,2015,35,22,53,17,29.53,0.4
25,7,2015,35,23,54,16,29.47,3.3
26,7,2015,32,22,59,20,29.5,2.1
27,7,2015,34,21,52,14,29.53,0
28,7,2015,34,19,47,18,29.53,0
29,7,2015,33,21,52,20,29.5,0.3
30,7,2015,34,22,55,18,29.47,0.7
31,7,2015,34,20,49,15,29.5,0.4
1,8,2015,34,21,50,10,29.56,3.4
2,8,2015,35,21,50,5,29.59,2.2
3,8,2015,35,21,49,9,29.53,0
4,8,2015,36,20,46,17,29.47,0
5,8,2015,36,21,45,13,29.44,0
6,8,2015,36,20,45,13,29.44,0.2
7,8,2015,34,21,49,13,29.5,0.3
8,8,2015,34,23,55,9,29.53,4.1
9,8,2015,36,22,48,4,29.47,0.7
10,8,2015,36,22,47,7,29.47,0.4
11,8,2015,32,25,67,9,29.59,24.9
12,8,2015,35,23,56,10,29.56,0.2
13,8,2015,35,24,57,12,29.53,1.5
14,8,2015,36,22,52,12,29.53,0
15,8,2015,35,24,57,11,29.53,5.4
16,8,2015,33,24,61,6,29.56,0.4
17,8,2015,35,24,58,5,29.53,13.8
18,8,2015,32,25,70,9,29.56,20
19,8,2015,34,23,59,18,29.56,5.1
20,8,2015,34,22,55,22,29.56,0.5
21,8,2015,33,21,56,16,29.56,0.3
22,8,2015,33,22,57,11,29.53,11.7
23,8,2015,33,23,63,10,29.53,21.1
24,8,2015,33,22,57,13,29.53,4.6
25,8,2015,35,21,50,14,29.5,0.2
26,8,2015,36,20,44,11,29.5,0
27,8,2015,35,22,50,8,29.53,0
28,8,2015,34,24,60,7,29.56,12.6
29,8,2015,36,22,51,8,29.53,0.1
30,8,2015,36,20,43,14,29.53,0
31,8,2015,37,19,41,15,29.53,0
1,9,2015,31,24,72,10,29.56,1.4
2,9,2015,36,17,42,13,29.56,0
3,9,2015,36,14,33,11,29.62,0
4,9,2015,36,14,33,12,29.71,0.2
5,9,2015,30,24,74,10,29.56,9.8
6,9,2015,31,23,70,9,29.56,2.2
7,9,2015,37,13,28,14,29.65,0
8,9,2015,36,14,30,15,29.62,0
9,9,2015,36,14,31,16,29.62,0
10,9,2015,36,13,29,12,29.65,0
11,9,2015,37,16,35,7,29.65,0
12,9,2015,35,20,46,11,29.65,0
13,9,2015,35,22,52,9,29.65,0.2
14,9,2015,37,18,40,7,29.59,0
15,9,2015,36,20,46,11,29.59,0
16,9,2015,34,22,53,11,29.62,0.6
17,9,2015,30,23,70,8,29.59,3
18,9,2015,31,23,68,9,29.59,5.2
19,9,2015,31,22,68,8,29.59,3.1
20,9,2015,31,23,68,9,29.59,2.9
21,9,2015,34,23,61,9,29.59,3.8
22,9,2015,33,23,60,11,29.59,11.3
23,9,2015,32,21,59,19,29.62,4.6
24,9,2015,33,15,41,17,29.62,0
25,9,2015,32,12,34,13,29.62,0
26,9,2015,33,15,39,9,29.65,0
27,9,2015,34,16,38,10,29.68,0
28,9,2015,34,15,37,9,29.71,0
29,9,2015,34,13,31,10,29.77,0
30,9,2015,35,12,28,6,29.8,0
1,10,2015,36,12,28,6,29.83,0
2,10,2015,35,11,27,9,29.8,0
3,10,2015,35,9,24,10,29.74,0
4,10,2015,37,12,27,6,29.74,0
5,10,2015,36,13,29,8,29.77,0
6,10,2015,34,13,29,8,29.74,0
7,10,2015,35,11,26,7,29.74,0
8,10,2015,35,10,26,7,29.71,0
9,10,2015,35,11,28,10,29.62,0
10,10,2015,35,11,27,10,29.65,0
11,10,2015,35,12,28,8,29.74,0
12,10,2015,34,14,36,8,29.8,0
13,10,2015,32,17,47,13,29.83,0
14,10,2015,32,17,45,8,29.88,0
15,10,2015,32,17,47,5,29.88,1.1
16,10,2015,32,17,46,5,29.88,0.4
17,10,2015,33,14,38,9,29.85,0
18,10,2015,33,15,38,8,29.85,0
19,10,2015,34,15,39,7,29.85,0
20,10,2015,33,13,34,8,29.77,0
21,10,2015,33,10,28,9,29.8,0
22,10,2015,32,6,23,11,29.83,0
23,10,2015,32,5,21,11,29.83,0
24,10,2015,29,10,31,9,29.83,0
25,10,2015,31,8,29,11,29.85,0
26,10,2015,31,8,27,11,29.88,0
27,10,2015,31,9,29,9,29.88,0
28,10,2015,27,10,39,11,29.91,0
29,10,2015,24,15,63,9,30,15.1
30,10,2015,26,15,58,4,29.97,0.1
31,10,2015,28,13,45,6,29.94,0
1,11,2015,30,13,39,5,29.94,0
2,11,2015,28,13,40,6,29.94,0
3,11,2015,29,12,38,7,29.91,0
4,11,2015,30,12,37,5,29.85,0
5,11,2015,29,13,42,8,29.85,0
6,11,2015,28,10,36,8,29.85,0
7,11,2015,29,9,33,11,29.91,0
8,11,2015,29,9,34,12,29.94,0
9,11,2015,29,10,32,10,29.91,0
10,11,2015,29,11,35,8,29.85,0
11,11,2015,28,10,36,12,29.88,0
12,11,2015,28,6,28,13,29.91,0
13,11,2015,29,9,32,10,29.91,0
14,11,2015,29,11,37,10,29.83,0
15,11,2015,30,10,33,7,29.83,0
16,11,2015,29,8,30,8,29.83,0
17,11,2015,28,5,27,11,29.85,0
18,11,2015,27,4,25,10,29.94,0
19,11,2015,28,7,30,4,29.97,0
20,11,2015,28,9,34,4,29.94,0
21,11,2015,28,10,36,4,29.91,0
22,11,2015,27,9,35,4,29.91,0
23,11,2015,29,9,32,7,29.91,0
24,11,2015,27,3,24,10,29.91,0
25,11,2015,26,-2,18,14,29.88,0
26,11,2015,27,2,24,9,29.91,0
27,11,2015,24,6,33,10,29.83,0
28,11,2015,26,10,40,13,29.94,0
29,11,2015,27,14,48,9,30,0.4
30,11,2015,29,14,44,9,29.97,0
1,12,2015,27,13,45,9,29.91,1.7
2,12,2015,26,12,47,10,29.94,0.2
3,12,2015,25,9,38,12,29.94,0
4,12,2015,25,4,25,9,29.94,0
5,12,2015,25,5,31,6,29.97,0
6,12,2015,25,7,36,6,29.97,0
7,12,2015,25,10,44,5,30,0
8,12,2015,26,10,44,5,29.97,0
9,12,2015,25,9,40,7,29.97,0
10,12,2015,26,9,38,7,29.88,0
11,12,2015,24,9,42,13,29.83,0
12,12,2015,22,6,40,13,29.88,0
13,12,2015,21,6,42,9,29.94,0
14,12,2015,20,3,37,11,29.97,0
15,12,2015,20,-2,26,10,29.97,0
16,12,2015,21,3,34,5,29.97,0
17,12,2015,21,3,34,9,29.97,0
18,12,2015,19,4,37,8,30,0
19,12,2015,19,4,39,9,30,0
20,12,2015,18,4,42,9,30,0
21,12,2015,20,0,30,5,30.03,0
22,12,2015,20,-1,27,8,30.09,0
23,12,2015,20,0,30,9,30.09,0
24,12,2015,18,-2,29,13,30.09,0
25,12,2015,17,-3,28,12,30.15,0
26,12,2015,19,-3,26,10,30.09,0
27,12,2015,20,-2,27,12,30.09,0
28,12,2015,20,1,31,11,30.06,0
29,12,2015,19,5,42,7,30,0
30,12,2015,23,3,32,7,30,0
31,12,2015,22,1,30,7,30.06,0
1,1,2014,18,11,71,13,30.06,0
2,1,2014,16,5,58,15,30.06,0
3,1,2014,14,1,46,10,30.03,0
4,1,2014,18,1,39,5,29.97,0
5,1,2014,20,7,50,9,29.88,0
6,1,2014,18,5,48,12,29.94,0
7,1,2014,16,1,44,11,30,0
8,1,2014,18,5,52,5,30.03,0
9,1,2014,17,5,53,7,29.97,0.3
10,1,2014,20,8,58,5,29.97,0
11,1,2014,17,12,76,8,30,3.1
12,1,2014,19,11,70,6,30.06,0
13,1,2014,20,8,57,6,30.06,0
14,1,2014,20,7,53,4,30,0
15,1,2014,18,4,48,6,30.03,0
16,1,2014,17,6,58,6,30.03,0
17,1,2014,18,9,67,13,30.03,14.7
18,1,2014,15,14,94,13,30.06,13.3
19,1,2014,19,13,78,6,30.15,0
20,1,2014,16,12,72,6,30.15,0
21,1,2014,17,9,63,9,30.12,0.3
22,1,2014,15,11,79,9,30.09,7.2
23,1,2014,18,13,80,10,30.09,0.1
24,1,2014,18,11,72,12,30.03,0
25,1,2014,16,9,70,13,30.03,0
26,1,2014,16,8,62,11,30.03,0
27,1,2014,17,8,61,13,30.03,0
28,1,2014,18,7,60,12,29.97,0
29,1,2014,20,10,61,5,30.03,0
30,1,2014,20,10,60,6,30.03,0
31,1,2014,20,9,59,3,30.06,0
1,2,2014,21,9,59,4,30.06,0
2,2,2014,19,8,55,11,30,0
3,2,2014,21,8,51,13,29.88,0
4,2,2014,22,9,51,14,29.8,0
5,2,2014,21,8,53,13,29.83,0
6,2,2014,22,10,56,10,29.83,0
7,2,2014,23,11,56,8,29.8,0.1
8,2,2014,21,8,52,13,29.77,0
9,2,2014,18,6,52,15,29.8,0
10,2,2014,18,3,44,12,29.83,0
11,2,2014,18,3,42,12,29.85,0
12,2,2014,18,3,47,14,29.88,0
13,2,2014,19,7,53,10,29.91,2.2
14,2,2014,17,13,86,17,29.88,24.5
15,2,2014,16,13,89,12,29.88,5
16,2,2014,17,7,65,13,29.91,0
17,2,2014,17,6,57,18,29.97,0
18,2,2014,19,6,52,13,30,0
19,2,2014,20,8,59,4,29.97,0
20,2,2014,22,8,52,6,29.91,0
21,2,2014,18,10,66,9,29.94,1.3
22,2,2014,20,14,80,10,30,2.4
23,2,2014,22,13,71,8,30.03,0.1
24,2,2014,22,8,52,12,30.03,0
25,2,2014,22,7,44,5,30,0
26,2,2014,24,11,52,6,29.91,0.4
27,2,2014,22,16,76,10,29.91,13.8
28,2,2014,23,16,78,10,29.85,2.3
1,3,2014,21,15,80,10,29.91,4.4
2,3,2014,21,11,62,11,29.97,0
3,3,2014,21,9,58,9,29.97,0
4,3,2014,22,8,50,5,29.97,0
5,3,2014,23,8,46,10,29.94,0
6,3,2014,23,6,39,11,29.94,0
7,3,2014,23,6,42,13,29.97,0
8,3,2014,24,8,44,12,29.97,0
9,3,2014,26,11,48,10,29.91,0
10,3,2014,27,9,39,7,29.91,0
11,3,2014,27,9,38,7,29.91,0.2
12,3,2014,26,13,53,10,29.91,1.4
13,3,2014,25,10,45,13,29.91,0
14,3,2014,26,7,37,11,29.91,0
15,3,2014,27,8,37,8,29.94,0
16,3,2014,29,10,39,10,29.91,0
17,3,2014,31,9,33,9,29.83,0
18,3,2014,31,10,34,13,29.8,0
19,3,2014,27,6,33,16,29.85,0
20,3,2014,27,5,31,13,29.8,0
21,3,2014,29,5,29,7,29.71,0
22,3,2014,31,6,26,9,29.68,0
23,3,2014,30,9,34,10,29.77,0
24,3,2014,32,7,30,9,29.77,0.5
25,3,2014,31,4,21,10,29.77,0
26,3,2014,32,4,21,11,29.77,0
27,3,2014,32,8,27,11,29.77,0.4
28,3,2014,33,7,24,14,29.77,0
29,3,2014,33,8,26,15,29.74,0
30,3,2014,32,7,26,20,29.71,0
31,3,2014,30,1,20,17,29.71,0
1,4,2014,31,2,19,15,29.68,0
2,4,2014,34,5,21,9,29.62,0
3,4,2014,32,5,24,14,29.71,0
4,4,2014,32,4,21,14,29.74,0
5,4,2014,34,7,23,14,29.71,0
6,4,2014,37,8,22,9,29.68,0
7,4,2014,37,5,18,11,29.68,0
8,4,2014,34,2,17,17,29.71,0
9,4,2014,33,1,16,15,29.74,0
10,4,2014,33,-1,14,14,29.77,0
11,4,2014,34,-2,12,11,29.71,0
12,4,2014,35,-2,12,10,29.68,0
13,4,2014,34,1,16,15,29.71,0
14,4,2014,35,7,21,10,29.77,1.1
15,4,2014,37,4,16,9,29.74,0
16,4,2014,36,6,18,13,29.68,0
17,4,2014,36,7,20,9,29.65,1.9
18,4,2014,31,10,29,13,29.77,2.5
19,4,2014,33,8,25,9,29.77,0
20,4,2014,34,7,22,12,29.77,0
21,4,2014,36,4,17,11,29.74,0
22,4,2014,37,2,14,12,29.77,0
23,4,2014,36,5,18,14,29.71,0
24,4,2014,37,7,19,12,29.62,0
25,4,2014,38,6,17,13,29.62,0
26,4,2014,39,6,16,12,29.62,0
27,4,2014,39,5,15,10,29.65,0.6
28,4,2014,39,-1,10,12,29.62,0
29,4,2014,40,0,10,11,29.59,0
30,4,2014,42,0,10,7,29.56,0
1,5,2014,42,1,10,8,29.5,0
2,5,2014,42,4,13,9,29.5,0
3,5,2014,39,12,25,12,29.56,0.1
4,5,2014,38,13,27,10,29.56,0.4
5,5,2014,37,13,28,9,29.62,2.9
6,5,2014,36,14,30,10,29.65,0
7,5,2014,38,12,25,9,29.62,0
8,5,2014,40,10,20,12,29.5,0
9,5,2014,40,4,13,14,29.47,0
10,5,2014,42,5,13,7,29.44,0
11,5,2014,39,6,16,13,29.53,0.1
12,5,2014,38,10,21,11,29.59,0
13,5,2014,38,9,21,11,29.62,0
14,5,2014,37,10,22,16,29.62,0.2
15,5,2014,37,9,22,16,29.56,0
16,5,2014,38,7,18,13,29.56,0
17,5,2014,39,9,19,14,29.62,0
18,5,2014,39,6,16,19,29.62,0
19,5,2014,39,4,14,18,29.62,0
20,5,2014,40,5,14,14,29.56,0
21,5,2014,39,6,15,16,29.5,0
22,5,2014,40,5,14,15,29.44,0
23,5,2014,44,6,13,6,29.44,0
24,5,2014,42,9,18,11,29.53,0.2
25,5,2014,41,12,20,8,29.59,0
26,5,2014,39,14,25,9,29.65,0
27,5,2014,39,15,29,10,29.62,0.4
28,5,2014,41,13,26,9,29.53,0
29,5,2014,43,9,16,10,29.47,0
30,5,2014,43,11,18,12,29.41,0
31,5,2014,44,13,19,7,29.44,0
1,6,2014,42,16,27,10,29.53,0
2,6,2014,42,13,21,8,29.56,0
3,6,2014,44,6,13,8,29.47,0
4,6,2014,44,3,10,7,29.41,0
5,6,2014,46,4,10,8,29.35,0
6,6,2014,46,7,12,10,29.29,0
7,6,2014,46,7,12,10,29.26,0
8,6,2014,46,7,12,10,29.26,0
9,6,2014,45,6,12,9,29.23,0
10,6,2014,45,5,11,13,29.26,0
11,6,2014,45,2,9,15,29.29,0
12,6,2014,43,10,17,19,29.32,0
13,6,2014,41,13,22,19,29.35,0.4
14,6,2014,40,14,24,15,29.38,0.1
15,6,2014,40,17,29,8,29.41,1.2
16,6,2014,42,18,28,8,29.38,0.2
17,6,2014,41,18,28,8,29.32,2.7
18,6,2014,41,20,34,8,29.32,4.2
19,6,2014,41,20,35,8,29.29,1.1
20,6,2014,42,18,27,15,29.23,0
21,6,2014,43,17,26,14,29.29,1.7
22,6,2014,41,17,28,13,29.35,0
23,6,2014,42,15,25,13,29.32,0.1
24,6,2014,39,16,28,13,29.32,0.1
25,6,2014,41,14,23,10,29.35,0.1
26,6,2014,41,15,25,9,29.47,0.1
27,6,2014,42,15,24,9,29.5,0.3
28,6,2014,41,17,26,11,29.44,0
29,6,2014,41,16,27,11,29.38,0
30,6,2014,40,17,28,10,29.38,3.1
1,7,2014,40,18,31,7,29.47,4.4
2,7,2014,39,19,35,5,29.47,0.8
3,7,2014,38,19,34,11,29.38,0.4
4,7,2014,37,20,39,9,29.38,0
5,7,2014,38,21,44,9,29.41,6.4
6,7,2014,30,23,67,15,29.5,24.8
7,7,2014,32,23,66,13,29.47,0.2
8,7,2014,39,20,45,9,29.38,0
9,7,2014,42,17,28,9,29.35,0
10,7,2014,42,18,30,9,29.35,0
11,7,2014,41,20,35,10,29.35,0
12,7,2014,41,21,37,10,29.35,0
13,7,2014,39,22,41,11,29.41,5.9
14,7,2014,38,23,45,9,29.38,0.3
15,7,2014,37,23,47,15,29.38,1.8
16,7,2014,34,23,56,19,29.41,11.6
17,7,2014,32,25,71,13,29.35,70.4
18,7,2014,28,26,89,11,29.32,123.9
19,7,2014,32,25,75,10,29.35,3.3
20,7,2014,32,26,73,5,29.38,9.5
21,7,2014,33,25,69,8,29.35,20.5
22,7,2014,32,24,65,15,29.38,9.4
23,7,2014,33,23,60,19,29.41,0
24,7,2014,31,22,60,15,29.47,0
25,7,2014,34,21,56,12,29.5,0
26,7,2014,35,23,54,10,29.53,0.6
27,7,2014,36,23,53,9,29.53,1.7
28,7,2014,35,23,55,10,29.47,5.6
29,7,2014,35,23,54,10,29.44,5.2
30,7,2014,37,22,48,9,29.44,0
31,7,2014,36,22,50,12,29.47,0.5
1,8,2014,37,22,47,10,29.41,0
2,8,2014,38,22,44,7,29.38,1.3
3,8,2014,35,23,56,10,29.35,1.8
4,8,2014,32,26,73,6,29.38,15.3
5,8,2014,32,25,71,14,29.38,21.5
6,8,2014,31,24,72,22,29.35,24.7
7,8,2014,30,23,75,16,29.38,1.3
8,8,2014,31,24,72,9,29.44,0.6
9,8,2014,32,25,72,7,29.47,19.5
10,8,2014,34,26,72,6,29.5,18.2
11,8,2014,35,25,62,5,29.47,5.6
12,8,2014,35,25,61,8,29.44,10.2
13,8,2014,34,24,61,15,29.41,3.5
14,8,2014,33,23,62,17,29.44,12
15,8,2014,33,24,66,13,29.5,15.8
16,8,2014,34,23,60,8,29.56,0.4
17,8,2014,34,21,52,10,29.56,0
18,8,2014,35,20,46,6,29.62,0
19,8,2014,36,19,43,8,29.62,0
20,8,2014,37,19,41,9,29.56,0
21,8,2014,37,17,36,8,29.5,0
22,8,2014,38,16,34,6,29.53,0
23,8,2014,38,17,35,8,29.56,0
24,8,2014,38,16,32,8,29.56,0
25,8,2014,38,15,31,9,29.56,0
26,8,2014,37,17,36,10,29.53,0
27,8,2014,38,16,33,6,29.5,0
28,8,2014,36,20,46,13,29.56,0
29,8,2014,35,21,52,10,29.56,0
30,8,2014,36,21,47,10,29.53,0
31,8,2014,36,21,48,14,29.47,0
1,9,2014,31,22,60,20,29.5,3.3
2,9,2014,33,22,59,22,29.53,0
3,9,2014,32,23,66,17,29.56,18.1
4,9,2014,28,24,81,8,29.56,48.9
5,9,2014,31,25,77,8,29.53,14.9
6,9,2014,33,24,67,7,29.53,5.3
7,9,2014,33,24,64,10,29.56,11.3
8,9,2014,33,23,62,13,29.59,0
9,9,2014,34,22,59,10,29.56,0
10,9,2014,33,23,63,8,29.56,4.7
11,9,2014,30,24,75,9,29.62,22.7
12,9,2014,28,25,85,8,29.65,7.8
13,9,2014,31,23,70,7,29.62,1.8
14,9,2014,33,21,60,6,29.62,0
15,9,2014,32,20,57,7,29.59,0
16,9,2014,33,20,54,7,29.56,0
17,9,2014,34,20,52,7,29.53,0
18,9,2014,35,19,47,8,29.56,0
19,9,2014,35,18,44,7,29.59,0
20,9,2014,35,18,41,5,29.56,0
21,9,2014,35,21,52,5,29.56,0.3
22,9,2014,34,16,40,11,29.62,0
23,9,2014,34,15,39,11,29.62,0
24,9,2014,34,15,38,12,29.65,0
25,9,2014,34,14,38,11,29.71,0
26,9,2014,33,14,38,10,29.74,0
27,9,2014,34,17,43,10,29.77,0
28,9,2014,34,16,41,8,29.77,0
29,9,2014,34,16,39,6,29.77,0
30,9,2014,34,17,44,6,29.77,0
1,10,2014,34,18,47,7,29.8,0
2,10,2014,34,18,46,4,29.77,0
3,10,2014,35,17,41,4,29.74,0
4,10,2014,35,17,41,5,29.74,0
5,10,2014,35,18,42,7,29.8,0
6,10,2014,34,19,46,6,29.8,0
7,10,2014,35,18,42,5,29.74,0
8,10,2014,34,18,44,4,29.74,1.3
9,10,2014,34,14,36,8,29.77,0
10,10,2014,33,11,31,10,29.74,0
11,10,2014,32,10,29,8,29.71,0
12,10,2014,32,11,32,9,29.74,0
13,10,2014,27,19,67,19,29.77,5.9
14,10,2014,22,18,81,17,29.77,19.6
15,10,2014,27,18,69,9,29.91,0
16,10,2014,29,12,41,10,29.88,0
17,10,2014,29,9,33,9,29.88,0
18,10,2014,30,9,32,8,29.85,0
19,10,2014,30,9,32,7,29.85,0
20,10,2014,31,10,33,6,29.85,0
21,10,2014,32,13,37,5,29.91,0
22,10,2014,32,14,40,4,29.91,0
23,10,2014,32,13,38,4,29.85,0
24,10,2014,30,12,39,6,29.85,0
25,10,2014,30,14,45,7,29.85,0
26,10,2014,29,13,44,7,29.91,0
27,10,2014,30,13,42,3,29.88,0
28,10,2014,29,11,38,5,29.85,0
29,10,2014,30,11,36,6,29.85,0
30,10,2014,30,10,34,6,29.83,0
31,10,2014,29,9,34,9,29.85,0
1,11,2014,28,4,26,11,29.85,0
2,11,2014,27,2,22,13,29.88,0
3,11,2014,28,3,24,12,29.85,0
4,11,2014,29,7,30,11,29.83,0
5,11,2014,28,10,37,12,29.83,0
6,11,2014,28,7,32,11,29.83,0
7,11,2014,29,8,32,9,29.85,0
8,11,2014,30,9,33,9,29.88,0
9,11,2014,29,10,35,9,29.91,0
10,11,2014,28,8,32,12,29.85,0
11,11,2014,28,4,26,10,29.88,0
12,11,2014,27,2,23,11,29.91,0
13,11,2014,26,0,23,11,29.94,0
14,11,2014,25,-1,21,13,29.94,0
15,11,2014,24,-2,22,11,29.91,0
16,11,2014,25,0,23,10,29.91,0
17,11,2014,25,2,26,10,29.94,0
18,11,2014,25,1,24,9,29.97,0
19,11,2014,25,1,25,8,29.94,0
20,11,2014,24,1,26,9,29.91,0
21,11,2014,23,2,26,8,29.88,0
22,11,2014,22,1,26,8,29.88,0
23,11,2014,23,2,27,10,29.91,0
24,11,2014,22,0,25,9,29.94,0
25,11,2014,22,1,27,10,29.91,0
26,11,2014,22,-2,22,11,29.83,0
27,11,2014,22,1,25,5,29.85,0
28,11,2014,23,6,35,4,29.85,0
29,11,2014,25,6,31,8,29.85,0
30,11,2014,25,7,34,13,29.88,0
1,12,2014,24,2,28,17,29.88,0
2,12,2014,23,3,31,14,29.88,0
3,12,2014,23,2,29,14,29.88,0
4,12,2014,22,2,30,10,29.94,0
5,12,2014,22,-1,24,10,29.97,0
6,12,2014,22,3,31,12,29.97,0
7,12,2014,22,-4,21,12,29.91,0
8,12,2014,21,-2,24,10,29.94,0
9,12,2014,21,4,32,7,29.97,0
10,12,2014,20,1,30,10,29.97,0
11,12,2014,18,0,29,10,30,0
12,12,2014,19,0,30,5,30,0
13,12,2014,19,8,56,14,30,2.3
14,12,2014,19,14,79,15,30,11
15,12,2014,18,12,70,9,30.03,0
16,12,2014,17,7,57,14,30.12,0
17,12,2014,17,6,51,13,30.06,0
18,12,2014,16,3,42,9,30.09,0
19,12,2014,16,-1,33,8,30.12,0
20,12,2014,16,1,40,10,30.03,0
21,12,2014,14,1,38,6,30.03,0
22,12,2014,15,3,44,4,30,0
23,12,2014,16,0,33,3,30,0
24,12,2014,16,0,36,9,30.06,0
25,12,2014,16,4,47,11,30.03,0
26,12,2014,16,1,41,15,30,0
27,12,2014,15,1,41,10,30.03,0
28,12,2014,15,0,35,7,30.06,0
29,12,2014,15,1,37,7,30,0
30,12,2014,16,3,44,7,29.94,0
31,12,2014,18,1,34,10,29.97,0
1,1,2013,17,1,43,6,29.91,0
2,1,2013,16,3,48,10,29.94,0
3,1,2013,16,3,51,9,30,0
4,1,2013,14,2,50,6,29.97,0
5,1,2013,15,-1,38,9,29.91,0
6,1,2013,15,2,49,9,29.97,0
7,1,2013,13,-3,38,14,30.03,0
8,1,2013,14,-5,31,14,30.03,0
9,1,2013,16,-3,33,14,30,0
10,1,2013,16,0,38,16,29.94,0
11,1,2013,17,3,45,14,29.94,0
12,1,2013,19,7,54,4,29.97,0
13,1,2013,22,7,51,6,29.88,0
14,1,2013,20,9,59,8,29.91,0
15,1,2013,20,9,59,6,29.97,0
16,1,2013,21,7,46,9,30,0
17,1,2013,22,10,57,14,29.94,6.5
18,1,2013,20,12,73,18,29.97,10
19,1,2013,17,9,71,14,30.09,0
20,1,2013,17,9,71,12,30.06,0
21,1,2013,18,9,69,5,30.09,0
22,1,2013,19,8,59,4,30.09,0
23,1,2013,19,6,54,5,30.09,0
24,1,2013,18,5,54,8,30.06,0
25,1,2013,18,7,59,11,30.06,0
26,1,2013,18,4,50,12,30.06,0
27,1,2013,18,4,49,10,30.03,0
28,1,2013,16,3,50,6,30,0
29,1,2013,19,8,55,7,29.94,0
30,1,2013,20,9,60,3,30,0
31,1,2013,20,6,50,4,30,0
1,2,2013,22,9,54,5,30,0
2,2,2013,21,8,54,5,29.97,0
3,2,2013,22,9,51,6,29.94,0
4,2,2013,21,7,49,17,29.97,4.2
5,2,2013,19,13,76,22,30,14.5
6,2,2013,21,15,78,12,30,6.7
7,2,2013,18,10,70,15,30,0
8,2,2013,19,9,64,12,29.97,0
9,2,2013,20,9,61,7,29.97,0
10,2,2013,21,8,57,3,29.97,0
11,2,2013,21,10,62,7,29.94,0
12,2,2013,20,9,60,9,29.97,0
13,2,2013,21,9,56,12,29.94,0
14,2,2013,23,10,57,8,29.88,0
15,2,2013,18,9,64,13,29.88,4.8
16,2,2013,15,14,95,21,29.8,88.2
17,2,2013,18,14,85,9,29.88,2.4
18,2,2013,19,12,76,10,29.94,0
19,2,2013,19,11,69,8,29.94,0
20,2,2013,21,13,68,10,29.97,0
21,2,2013,22,13,66,5,29.97,0
22,2,2013,23,11,57,6,30,0
23,2,2013,21,11,59,13,29.97,2.7
24,2,2013,21,13,70,8,30.03,3.8
25,2,2013,23,13,62,9,30,0
26,2,2013,25,14,64,5,29.97,0
27,2,2013,24,12,54,7,29.91,0
28,2,2013,23,8,47,17,29.91,0
1,3,2013,21,7,50,19,29.94,0
2,3,2013,22,8,49,14,29.94,0
3,3,2013,24,10,48,12,29.91,0
4,3,2013,26,9,43,9,29.91,0
5,3,2013,27,9,40,8,29.94,0
6,3,2013,28,10,42,9,29.94,0
7,3,2013,28,10,42,9,29.91,0
8,3,2013,28,10,40,9,29.91,0
9,3,2013,29,8,34,9,29.8,0
10,3,2013,30,7,31,11,29.74,0
11,3,2013,28,8,36,10,29.77,0
12,3,2013,30,9,34,8,29.8,0
13,3,2013,32,10,34,7,29.8,0
14,3,2013,30,10,37,12,29.8,0.3
15,3,2013,28,8,37,11,29.91,0
16,3,2013,29,5,29,12,29.94,0
17,3,2013,28,5,28,14,29.91,0
18,3,2013,28,7,34,17,29.77,0
19,3,2013,30,9,35,14,29.74,0
20,3,2013,32,9,32,9,29.77,0
21,3,2013,32,9,31,11,29.71,0.5
22,3,2013,30,6,27,14,29.65,0
23,3,2013,33,6,23,10,29.71,0
24,3,2013,32,9,29,11,29.74,2.9
25,3,2013,30,6,28,16,29.74,0
26,3,2013,29,5,26,16,29.68,0
27,3,2013,31,5,25,14,29.71,0
28,3,2013,32,10,32,6,29.74,1
29,3,2013,32,11,36,10,29.71,0
30,3,2013,30,11,37,11,29.71,0
31,3,2013,31,10,33,10,29.71,0
1,4,2013,34,9,27,10,29.71,0
2,4,2013,35,8,25,5,29.71,0.1
3,4,2013,33,8,25,9,29.68,0.2
4,4,2013,32,3,21,19,29.65,0
5,4,2013,32,0,17,20,29.62,0
6,4,2013,33,-1,14,19,29.62,0
7,4,2013,35,1,15,17,29.59,0
8,4,2013,36,3,16,13,29.62,0
9,4,2013,39,3,14,7,29.62,0
10,4,2013,37,5,17,8,29.65,0.6
11,4,2013,36,9,23,7,29.65,0
12,4,2013,37,5,17,10,29.65,0
13,4,2013,38,4,15,9,29.68,0
14,4,2013,37,4,15,11,29.65,0
15,4,2013,36,7,20,10,29.59,0
16,4,2013,38,6,18,9,29.47,0.6
17,4,2013,37,4,17,12,29.47,1.3
18,4,2013,36,5,19,11,29.56,0
19,4,2013,36,5,17,9,29.56,0.4
20,4,2013,35,8,23,13,29.59,0.2
21,4,2013,30,15,44,19,29.71,1.6
22,4,2013,31,13,43,12,29.8,0
23,4,2013,34,12,31,6,29.77,0.2
24,4,2013,36,10,24,10,29.74,0
25,4,2013,38,9,21,8,29.68,0
26,4,2013,38,10,22,9,29.65,0
27,4,2013,38,9,21,14,29.62,0
28,4,2013,38,6,17,18,29.56,0
29,4,2013,39,6,16,12,29.59,0
30,4,2013,41,7,16,10,29.56,0
1,5,2013,39,4,14,14,29.5,0
2,5,2013,38,-7,7,15,29.44,0
3,5,2013,38,-4,8,13,29.44,0
4,5,2013,42,-1,9,8,29.44,0
5,5,2013,41,3,12,11,29.47,0
6,5,2013,40,13,25,12,29.5,0.3
7,5,2013,41,8,16,10,29.5,0
8,5,2013,42,2,11,12,29.5,0
9,5,2013,42,5,12,12,29.47,0
10,5,2013,42,5,12,10,29.47,0
11,5,2013,40,5,13,16,29.44,0
12,5,2013,38,9,20,12,29.53,0
13,5,2013,38,10,23,8,29.56,0
14,5,2013,40,9,18,8,29.5,0
15,5,2013,41,7,16,11,29.44,0
16,5,2013,41,4,12,10,29.41,0
17,5,2013,42,6,15,10,29.47,0
18,5,2013,43,3,12,10,29.44,0
19,5,2013,43,6,14,13,29.44,0
20,5,2013,44,7,15,10,29.44,0
21,5,2013,44,8,15,12,29.41,0
22,5,2013,44,3,11,11,29.41,0
23,5,2013,44,5,12,10,29.38,0
24,5,2013,44,10,18,11,29.35,0
25,5,2013,44,13,21,12,29.38,0
26,5,2013,44,11,17,10,29.41,0
27,5,2013,43,10,16,9,29.44,0
28,5,2013,43,11,18,10,29.41,0
29,5,2013,43,5,12,9,29.44,0
30,5,2013,43,6,13,9,29.41,0
31,5,2013,39,15,33,15,29.44,0
1,6,2013,35,16,38,13,29.53,0.2
2,6,2013,38,16,31,8,29.5,0.5
3,6,2013,38,17,33,9,29.47,0.4
4,6,2013,41,17,30,9,29.47,0
5,6,2013,44,16,25,6,29.44,0
6,6,2013,44,15,22,13,29.38,0
7,6,2013,40,19,32,13,29.41,0.1
8,6,2013,42,17,27,8,29.38,0
9,6,2013,42,17,26,7,29.35,0.2
10,6,2013,42,18,27,7,29.35,0
11,6,2013,40,20,34,8,29.38,4.3
12,6,2013,42,18,30,10,29.38,0
13,6,2013,40,16,27,15,29.38,0
14,6,2013,39,18,32,18,29.38,0
15,6,2013,35,20,45,23,29.41,1
16,6,2013,31,22,63,24,29.38,35.3
17,6,2013,29,24,77,18,29.38,36.4
18,6,2013,31,24,74,13,29.38,52.8
19,6,2013,32,22,62,5,29.44,1.4
20,6,2013,37,20,41,6,29.41,0
21,6,2013,40,18,34,7,29.38,0
22,6,2013,41,19,32,7,29.35,0
23,6,2013,40,20,37,9,29.32,0
24,6,2013,38,19,35,13,29.35,0
25,6,2013,38,19,37,7,29.44,0
26,6,2013,38,21,39,7,29.41,0
27,6,2013,28,23,72,10,29.41,34.1
28,6,2013,32,23,64,6,29.41,2.9
29,6,2013,36,24,55,8,29.38,10.5
30,6,2013,32,24,66,6,29.41,5
1,7,2013,33,23,60,5,29.38,0.9
2,7,2013,35,23,54,7,29.35,0.8
3,7,2013,35,22,53,14,29.38,1
4,7,2013,35,22,51,14,29.38,0
5,7,2013,36,21,45,11,29.41,0
6,7,2013,36,21,48,11,29.5,0.6
7,7,2013,36,23,51,7,29.47,14.7
8,7,2013,35,24,56,8,29.44,8
9,7,2013,34,25,64,9,29.38,37.6
10,7,2013,34,24,62,10,29.35,8.9
11,7,2013,34,24,64,8,29.44,12.9
12,7,2013,35,24,59,14,29.47,0.2
13,7,2013,35,22,53,13,29.44,0
14,7,2013,37,22,48,9,29.41,0
15,7,2013,37,22,46,9,29.41,0
16,7,2013,38,21,42,10,29.44,0
17,7,2013,37,22,46,8,29.41,0.4
18,7,2013,38,22,44,4,29.35,0
19,7,2013,34,24,59,13,29.35,21.4
20,7,2013,32,24,69,11,29.44,31.5
21,7,2013,33,25,68,4,29.35,7.4
22,7,2013,33,25,65,10,29.35,42.8
23,7,2013,35,24,59,11,29.38,7
24,7,2013,36,23,53,11,29.38,0.2
25,7,2013,36,23,53,7,29.35,10.6
26,7,2013,37,23,52,5,29.32,5.1
27,7,2013,36,23,51,7,29.38,6.6
28,7,2013,34,24,60,13,29.44,3.6
29,7,2013,35,23,56,10,29.41,0
30,7,2013,38,23,47,4,29.38,0
31,7,2013,37,22,47,8,29.35,3.7
1,8,2013,33,23,60,5,29.38,0.9
2,8,2013,35,23,54,7,29.35,0.8
3,8,2013,35,22,53,14,29.38,1
4,8,2013,35,22,51,14,29.38,0
5,8,2013,36,21,45,11,29.41,0
6,8,2013,36,21,48,11,29.5,0.6
7,8,2013,36,23,51,7,29.47,14.7
8,8,2013,35,24,56,8,29.44,8
9,8,2013,34,25,64,9,29.38,37.6
10,8,2013,34,24,62,10,29.35,8.9
11,8,2013,34,24,64,8,29.44,12.9
12,8,2013,35,24,59,14,29.47,0.2
13,8,2013,35,22,53,13,29.44,0
14,8,2013,37,22,48,9,29.41,0
15,8,2013,37,22,46,9,29.41,0
16,8,2013,38,21,42,10,29.44,0
17,8,2013,37,22,46,8,29.41,0.4
18,8,2013,38,22,44,4,29.35,0
19,8,2013,34,24,59,13,29.35,21.4
20,8,2013,32,24,69,11,29.44,31.5
21,8,2013,33,25,68,4,29.35,7.4
22,8,2013,33,25,65,10,29.35,42.8
23,8,2013,35,24,59,11,29.38,7
24,8,2013,36,23,53,11,29.38,0.2
25,8,2013,36,23,53,7,29.35,10.6
26,8,2013,37,23,52,5,29.32,5.1
27,8,2013,36,23,51,7,29.38,6.6
28,8,2013,34,24,60,13,29.44,3.6
29,8,2013,35,23,56,10,29.41,0
30,8,2013,38,23,47,4,29.38,0
31,8,2013,37,22,47,8,29.35,3.7
1,9,2013,33,21,56,9,29.56,0.2
2,9,2013,35,19,47,13,29.59,0
3,9,2013,35,18,43,12,29.56,0
4,9,2013,34,18,43,15,29.53,0
5,9,2013,34,17,42,13,29.53,0
6,9,2013,35,16,40,11,29.59,0
7,9,2013,35,14,34,8,29.65,0
8,9,2013,35,15,37,7,29.68,0.2
9,9,2013,34,17,42,9,29.71,0
10,9,2013,34,17,43,7,29.65,0
11,9,2013,35,20,47,5,29.65,0
12,9,2013,36,18,42,6,29.71,0
13,9,2013,36,18,40,3,29.68,0
14,9,2013,37,18,40,4,29.59,0
15,9,2013,37,19,41,4,29.53,0.1
16,9,2013,35,17,39,8,29.56,0
17,9,2013,35,16,39,7,29.56,0
18,9,2013,36,15,34,7,29.53,0
19,9,2013,36,15,34,6,29.53,0
20,9,2013,30,20,57,15,29.56,3.7
21,9,2013,32,22,64,15,29.53,41.2
22,9,2013,33,22,60,12,29.5,0.2
23,9,2013,34,21,53,10,29.5,0
24,9,2013,33,23,60,8,29.56,3.9
25,9,2013,34,23,59,3,29.62,2.7
26,9,2013,32,24,65,6,29.68,16.3
27,9,2013,33,22,58,9,29.65,0.1
28,9,2013,33,20,51,7,29.65,0
29,9,2013,34,20,51,8,29.59,1.5
30,9,2013,31,21,60,14,29.59,0.4
1,10,2013,30,20,62,14,29.68,0.6
2,10,2013,29,19,61,16,29.74,0.5
3,10,2013,25,22,83,17,29.74,51.9
4,10,2013,25,23,92,14,29.68,36.8
5,10,2013,26,23,88,18,29.59,1.9
6,10,2013,29,23,79,12,29.68,6
7,10,2013,30,22,71,9,29.74,0
8,10,2013,31,21,62,7,29.8,0
9,10,2013,32,21,61,8,29.8,0
10,10,2013,31,20,57,8,29.8,0
11,10,2013,28,21,71,9,29.8,11.2
12,10,2013,30,20,65,5,29.71,0
13,10,2013,30,20,61,10,29.71,0
14,10,2013,29,19,60,9,29.68,0
15,10,2013,30,20,63,6,29.74,0
16,10,2013,31,20,64,6,29.77,0
17,10,2013,31,20,60,5,29.8,0
18,10,2013,32,18,49,5,29.8,0
19,10,2013,32,14,40,8,29.8,0
20,10,2013,31,14,43,7,29.8,0
21,10,2013,30,11,36,6,29.8,0
22,10,2013,31,11,35,6,29.83,0
23,10,2013,30,14,44,7,29.88,0
24,10,2013,29,16,52,6,29.85,0
25,10,2013,30,14,44,8,29.8,0
26,10,2013,29,15,49,6,29.83,0
27,10,2013,29,14,48,7,29.8,0
28,10,2013,29,9,34,11,29.77,0
29,10,2013,29,7,29,8,29.83,0
30,10,2013,31,8,30,4,29.85,0
31,10,2013,30,9,32,6,29.88,0
1,11,2013,29,9,34,8,29.88,0
2,11,2013,27,8,34,9,29.88,0
3,11,2013,27,6,31,11,29.94,0
4,11,2013,27,5,29,8,30,0
5,11,2013,26,4,28,5,30,0
6,11,2013,28,6,30,4,29.97,0
7,11,2013,28,8,33,5,29.91,0
8,11,2013,25,9,43,11,29.91,0.7
9,11,2013,24,9,44,10,29.94,0
10,11,2013,24,5,34,12,29.94,0
11,11,2013,24,3,31,11,29.88,0
12,11,2013,25,4,31,8,29.88,0
13,11,2013,25,5,32,9,29.88,0
14,11,2013,24,4,31,10,29.91,0
15,11,2013,25,4,29,7,29.94,0
16,11,2013,26,3,28,7,30,0
17,11,2013,24,5,32,10,29.97,0
18,11,2013,24,3,29,12,29.94,0
19,11,2013,24,-1,24,10,29.91,0
20,11,2013,24,3,30,7,29.85,0
21,11,2013,26,5,32,3,29.85,0
22,11,2013,26,6,35,4,29.94,0
23,11,2013,25,7,38,7,29.91,0
24,11,2013,25,6,35,9,29.91,0
25,11,2013,24,5,34,13,29.85,0
26,11,2013,25,6,36,15,29.8,0
27,11,2013,23,4,34,8,29.88,0
28,11,2013,25,9,45,7,29.97,0
29,11,2013,25,5,35,10,29.94,0
30,11,2013,23,1,28,13,29.91,0
1,12,2013,24,3,31,7,29.94,0
2,12,2013,25,5,32,4,29.94,0
3,12,2013,25,4,32,7,29.97,0
4,12,2013,22,2,31,12,29.97,0
5,12,2013,22,4,36,12,29.91,0
6,12,2013,22,5,37,9,29.88,0
7,12,2013,23,6,38,7,29.91,0
8,12,2013,24,8,42,6,29.88,0
9,12,2013,23,7,39,9,29.85,0
10,12,2013,22,5,38,11,29.85,0
11,12,2013,21,3,35,12,29.88,0
12,12,2013,21,3,37,17,29.85,0
13,12,2013,20,4,39,14,29.85,0
14,12,2013,23,6,41,5,29.85,0
15,12,2013,22,8,47,4,29.94,0
16,12,2013,23,8,47,4,29.94,0
17,12,2013,23,9,51,6,29.91,0
18,12,2013,23,9,49,4,29.88,0
19,12,2013,21,7,47,11,29.88,0
20,12,2013,20,8,50,11,29.94,0
21,12,2013,20,6,45,12,29.97,0
22,12,2013,21,9,56,8,30,0
23,12,2013,20,6,48,13,30.06,0
24,12,2013,18,6,52,15,30.09,0
25,12,2013,18,3,45,14,30.09,0
26,12,2013,18,-1,33,14,30.03,0
27,12,2013,17,0,36,12,30.03,0.1
28,12,2013,19,5,46,10,30,0
29,12,2013,17,-3,30,13,30.03,0
30,12,2013,18,-4,27,6,30.03,0.1
31,12,2013,16,6,56,14,30.06,7.5
